Year,Area,CancerType,AgeAdjustedRate,lci,uci,CaseCount,Population
'1999','District of Columbia','Liver and Intrahepatic Bile Duct','8.8','6.5','11.7','49','570213'
'1999','West Virginia','Liver and Intrahepatic Bile Duct','4','3.2','5','85','1811799'
'1999','Virginia','Liver and Intrahepatic Bile Duct','3.6','3.2','4.1','239','7000174'
'1999','Washington','Liver and Intrahepatic Bile Duct','5.6','5','6.3','310','5842564'
'1999','Utah','Liver and Intrahepatic Bile Duct','3.5','2.6','4.5','55','2203482'
'1999','Rhode Island','Liver and Intrahepatic Bile Duct','3.8','2.7','5.1','43','1040402'
'1999','South Carolina','Liver and Intrahepatic Bile Duct','3.6','3','4.3','140','3974682'
'1999','South Dakota','Liver and Intrahepatic Bile Duct','null','null','null','Data Suppressed','null'
'1999','Oklahoma','Liver and Intrahepatic Bile Duct','4.3','3.7','5.1','153','3437147'
'1999','Oregon','Liver and Intrahepatic Bile Duct','4.2','3.6','5','147','3393941'
'1999','Pennsylvania','Liver and Intrahepatic Bile Duct','4.6','4.2','5','646','12263805'
'1999','North Carolina','Liver and Intrahepatic Bile Duct','3.1','2.7','3.5','239','7949361'
'1999','Ohio','Liver and Intrahepatic Bile Duct','4','3.6','4.3','462','11335454'
'1999','New York','Liver and Intrahepatic Bile Duct','6.2','5.8','6.6','1180','18882725'
'1999','New Mexico','Liver and Intrahepatic Bile Duct','5.9','4.8','7.2','99','1808082'
'1999','New Hampshire','Liver and Intrahepatic Bile Duct','4.8','3.6','6.2','57','1222014'
'1999','New Jersey','Liver and Intrahepatic Bile Duct','4.6','4.2','5.1','402','8359592'
'1999','Nevada','Liver and Intrahepatic Bile Duct','5.5','4.4','6.7','99','1934718'
'1999','Missouri','Liver and Intrahepatic Bile Duct','3.8','3.3','4.3','216','5561948'
'1999','Minnesota','Liver and Intrahepatic Bile Duct','3.4','2.9','3.9','158','4873481'
'1999','Mississippi','Liver and Intrahepatic Bile Duct','null','null','null','Data Suppressed','null'
'1999','Massachusetts','Liver and Intrahepatic Bile Duct','4.7','4.2','5.2','306','6317345'
'1999','Michigan','Liver and Intrahepatic Bile Duct','5.3','4.9','5.8','516','9897116'
'1999','Maryland','Liver and Intrahepatic Bile Duct','4.4','3.8','5','215','5254509'
'1999','Louisiana','Liver and Intrahepatic Bile Duct','5.1','4.4','5.8','209','4460811'
'1999','Maine','Liver and Intrahepatic Bile Duct','5','3.9','6.4','70','1266808'
'1999','Kentucky','Liver and Intrahepatic Bile Duct','3.8','3.2','4.5','153','4018053'
'1999','Indiana','Liver and Intrahepatic Bile Duct','3.7','3.2','4.2','220','6044969'
'1999','Iowa','Liver and Intrahepatic Bile Duct','4.2','3.5','4.9','137','2917634'
'1999','Kansas','Liver and Intrahepatic Bile Duct','3.3','2.7','4.1','89','2678338'
'1999','Idaho','Liver and Intrahepatic Bile Duct','3.2','2.2','4.4','37','1275674'
'1999','Illinois','Liver and Intrahepatic Bile Duct','5.4','5','5.8','643','12359020'
'1999','Wisconsin','Liver and Intrahepatic Bile Duct','4.2','3.6','4.8','227','5332666'
'1999','Wyoming','Liver and Intrahepatic Bile Duct','3.3','1.9','5.4','16','491780'
'1999','Florida','Liver and Intrahepatic Bile Duct','4.7','4.4','5','915','15759421'
'1999','Georgia','Liver and Intrahepatic Bile Duct','3.5','3.1','4','238','8045965'
'1999','Connecticut','Liver and Intrahepatic Bile Duct','4.9','4.2','5.7','180','3386401'
'1999','Delaware','Liver and Intrahepatic Bile Duct','4.3','3','6.1','34','774990'
'1999','Colorado','Liver and Intrahepatic Bile Duct','4.1','3.4','4.8','146','4226018'
'1999','Arizona','Liver and Intrahepatic Bile Duct','3.9','3.4','4.5','196','5023823'
'1999','Arkansas','Liver and Intrahepatic Bile Duct','null','null','null','Data Suppressed','null'
'1999','Alabama','Liver and Intrahepatic Bile Duct','4.5','3.9','5.2','203','4430141'
'1999','Texas','Liver and Intrahepatic Bile Duct','6.3','5.9','6.7','1079','20558220'
'1999','California','Liver and Intrahepatic Bile Duct','6.9','6.6','7.2','2000','33499204'
'1999','Alaska','Liver and Intrahepatic Bile Duct','6.7','4.2','10','27','624779'
'1999','Vermont','Liver and Intrahepatic Bile Duct','2.9','1.7','4.7','18','604683'
'1999','Tennessee','Liver and Intrahepatic Bile Duct','2.6','2.2','3.1','148','5638706'
'1999','North Dakota','Liver and Intrahepatic Bile Duct','3','1.9','4.6','22','644259'
'1999','Montana','Liver and Intrahepatic Bile Duct','3.1','2.1','4.4','29','897507'
'1999','Nebraska','Liver and Intrahepatic Bile Duct','2.9','2.1','3.8','50','1704764'
'1999','Hawaii','Liver and Intrahepatic Bile Duct','8.4','6.8','10.1','103','1210300'
'2000','Hawaii','Liver and Intrahepatic Bile Duct','8.2','6.7','10','103','1213519'
'2000','Maine','Liver and Intrahepatic Bile Duct','3.1','2.3','4.2','45','1277072'
'2000','Kansas','Liver and Intrahepatic Bile Duct','2.7','2.1','3.4','74','2693681'
'2000','Idaho','Liver and Intrahepatic Bile Duct','3.1','2.2','4.3','37','1299430'
'2000','Nebraska','Liver and Intrahepatic Bile Duct','3.1','2.3','4','54','1713820'
'2000','Georgia','Liver and Intrahepatic Bile Duct','3.9','3.5','4.4','274','8227303'
'2000','Florida','Liver and Intrahepatic Bile Duct','5.5','5.1','5.8','1081','16047515'
'2000','Delaware','Liver and Intrahepatic Bile Duct','3.9','2.6','5.5','31','786373'
'2000','Connecticut','Liver and Intrahepatic Bile Duct','5.4','4.6','6.2','196','3411777'
'2000','Colorado','Liver and Intrahepatic Bile Duct','4.5','3.8','5.2','164','4326921'
'2000','Arkansas','Liver and Intrahepatic Bile Duct','null','null','null','Data Suppressed','null'
'2000','Alabama','Liver and Intrahepatic Bile Duct','4.5','3.9','5.1','205','4452173'
'2000','Arizona','Liver and Intrahepatic Bile Duct','4.7','4.1','5.3','239','5160586'
'2000','Massachusetts','Liver and Intrahepatic Bile Duct','5.3','4.8','5.9','353','6361104'
'2000','Michigan','Liver and Intrahepatic Bile Duct','5.2','4.7','5.6','508','9952450'
'2000','Maryland','Liver and Intrahepatic Bile Duct','5.2','4.5','5.8','261','5311034'
'2000','Iowa','Liver and Intrahepatic Bile Duct','3.4','2.8','4.1','113','2929067'
'2000','Kentucky','Liver and Intrahepatic Bile Duct','4','3.4','4.7','163','4049021'
'2000','Indiana','Liver and Intrahepatic Bile Duct','3.9','3.4','4.5','236','6091866'
'2000','Illinois','Liver and Intrahepatic Bile Duct','5.4','5','5.8','647','12434161'
'2000','Wyoming','Liver and Intrahepatic Bile Duct','5.4','3.5','7.9','26','494300'
'2000','Wisconsin','Liver and Intrahepatic Bile Duct','4.8','4.2','5.4','262','5373999'
'2000','West Virginia','Liver and Intrahepatic Bile Duct','3.9','3.1','4.8','83','1807021'
'2000','Washington','Liver and Intrahepatic Bile Duct','5.5','4.9','6.1','304','5910512'
'2000','Vermont','Liver and Intrahepatic Bile Duct','3.5','2.2','5.3','22','609618'
'2000','Virginia','Liver and Intrahepatic Bile Duct','3.5','3','3.9','232','7105817'
'2000','Utah','Liver and Intrahepatic Bile Duct','3.2','2.4','4.2','53','2244502'
'2000','Tennessee','Liver and Intrahepatic Bile Duct','3.4','2.9','3.9','195','5703719'
'2000','South Dakota','Liver and Intrahepatic Bile Duct','null','null','null','Data Suppressed','null'
'2000','Rhode Island','Liver and Intrahepatic Bile Duct','6.1','4.7','7.7','69','1050268'
'2000','South Carolina','Liver and Intrahepatic Bile Duct','4.4','3.8','5.1','175','4024223'
'2000','Pennsylvania','Liver and Intrahepatic Bile Duct','5.2','4.8','5.6','733','12284173'
'2000','Ohio','Liver and Intrahepatic Bile Duct','4.1','3.8','4.5','490','11363543'
'2000','Oklahoma','Liver and Intrahepatic Bile Duct','5','4.3','5.8','177','3454365'
'2000','Oregon','Liver and Intrahepatic Bile Duct','4.3','3.6','5','153','3429708'
'2000','North Carolina','Liver and Intrahepatic Bile Duct','4.1','3.7','4.6','323','8081614'
'2000','North Dakota','Liver and Intrahepatic Bile Duct','3.9','2.6','5.7','27','642023'
'2000','New Hampshire','Liver and Intrahepatic Bile Duct','3.9','2.9','5.2','48','1239882'
'2000','New Jersey','Liver and Intrahepatic Bile Duct','5.7','5.2','6.2','497','8430621'
'2000','Montana','Liver and Intrahepatic Bile Duct','3.3','2.3','4.7','32','903773'
'2000','Mississippi','Liver and Intrahepatic Bile Duct','null','null','null','Data Suppressed','null'
'2000','Minnesota','Liver and Intrahepatic Bile Duct','3.6','3','4.1','169','4933692'
'2000','Missouri','Liver and Intrahepatic Bile Duct','4.3','3.8','4.9','253','5607285'
'2000','New York','Liver and Intrahepatic Bile Duct','6.2','5.9','6.6','1204','19001780'
'2000','New Mexico','Liver and Intrahepatic Bile Duct','6.2','5.1','7.5','107','1821204'
'2000','District of Columbia','Liver and Intrahepatic Bile Duct','6.3','4.4','8.8','35','572046'
'2000','Louisiana','Liver and Intrahepatic Bile Duct','6.4','5.7','7.2','271','4471885'
'2000','Texas','Liver and Intrahepatic Bile Duct','6.4','6','6.8','1120','20944499'
'2000','Nevada','Liver and Intrahepatic Bile Duct','6.5','5.3','7.7','120','2018741'
'2000','California','Liver and Intrahepatic Bile Duct','6.7','6.4','7','2010','33987977'
'2000','Alaska','Liver and Intrahepatic Bile Duct','7.4','4.9','10.7','31','627963'
'2001','North Dakota','Liver and Intrahepatic Bile Duct','2.5','1.5','4','18','639062'
'2001','Montana','Liver and Intrahepatic Bile Duct','3.1','2.1','4.5','31','906961'
'2001','Utah','Liver and Intrahepatic Bile Duct','2.9','2.2','3.9','49','2283715'
'2001','Tennessee','Liver and Intrahepatic Bile Duct','3.1','2.6','3.5','178','5750789'
'2001','Maryland','Liver and Intrahepatic Bile Duct','4.7','4.1','5.3','243','5374691'
'2001','Maine','Liver and Intrahepatic Bile Duct','4','3','5.1','58','1285692'
'2001','Kentucky','Liver and Intrahepatic Bile Duct','3.6','3','4.2','147','4068132'
'2001','Indiana','Liver and Intrahepatic Bile Duct','4.3','3.8','4.8','262','6127760'
'2001','Idaho','Liver and Intrahepatic Bile Duct','3.4','2.4','4.5','41','1319962'
'2001','Illinois','Liver and Intrahepatic Bile Duct','5.1','4.7','5.5','619','12488445'
'2001','Florida','Liver and Intrahepatic Bile Duct','5.1','4.8','5.4','1018','16356966'
'2001','Georgia','Liver and Intrahepatic Bile Duct','3.8','3.4','4.3','268','8377038'
'2001','Connecticut','Liver and Intrahepatic Bile Duct','4.7','4','5.4','174','3432835'
'2001','Delaware','Liver and Intrahepatic Bile Duct','5.5','4','7.3','45','795699'
'2001','District of Columbia','Liver and Intrahepatic Bile Duct','5.3','3.6','7.6','30','574504'
'2001','Colorado','Liver and Intrahepatic Bile Duct','4.4','3.7','5.1','170','4425687'
'2001','Arkansas','Liver and Intrahepatic Bile Duct','3.2','2.5','3.9','90','2691571'
'2001','Arizona','Liver and Intrahepatic Bile Duct','4.7','4.1','5.3','251','5273477'
'2001','Alabama','Liver and Intrahepatic Bile Duct','4','3.5','4.7','187','4467634'
'2001','Mississippi','Liver and Intrahepatic Bile Duct','null','null','null','Data Suppressed','null'
'2001','Missouri','Liver and Intrahepatic Bile Duct','4.1','3.6','4.7','244','5641142'
'2001','Minnesota','Liver and Intrahepatic Bile Duct','3.5','3','4','167','4982796'
'2001','Michigan','Liver and Intrahepatic Bile Duct','4.8','4.4','5.2','476','9991120'
'2001','Massachusetts','Liver and Intrahepatic Bile Duct','5.5','4.9','6','364','6397634'
'2001','South Dakota','Liver and Intrahepatic Bile Duct','4.3','3','5.9','36','757972'
'2001','South Carolina','Liver and Intrahepatic Bile Duct','4.2','3.6','4.9','170','4064995'
'2001','Pennsylvania','Liver and Intrahepatic Bile Duct','4.6','4.3','5','655','12298970'
'2001','Rhode Island','Liver and Intrahepatic Bile Duct','5.6','4.3','7.1','64','1057142'
'2001','Oregon','Liver and Intrahepatic Bile Duct','3.7','3.1','4.4','134','3467937'
'2001','Ohio','Liver and Intrahepatic Bile Duct','4.2','3.8','4.6','501','11387404'
'2001','Oklahoma','Liver and Intrahepatic Bile Duct','4.2','3.5','4.9','150','3467100'
'2001','North Carolina','Liver and Intrahepatic Bile Duct','3.7','3.3','4.1','295','8210122'
'2001','Nevada','Liver and Intrahepatic Bile Duct','4.2','3.4','5.2','86','2098399'
'2001','New Hampshire','Liver and Intrahepatic Bile Duct','3.6','2.7','4.9','46','1255517'
'2001','New Jersey','Liver and Intrahepatic Bile Duct','6','5.5','6.5','530','8492671'
'2001','Nebraska','Liver and Intrahepatic Bile Duct','3.4','2.6','4.4','62','1719836'
'2001','Wyoming','Liver and Intrahepatic Bile Duct','1.7','0.7','3.4','Data Suppressed','494657'
'2001','West Virginia','Liver and Intrahepatic Bile Duct','3.9','3.1','4.8','83','1801481'
'2001','Wisconsin','Liver and Intrahepatic Bile Duct','4.6','4.1','5.3','258','5406835'
'2001','Virginia','Liver and Intrahepatic Bile Duct','3.2','2.8','3.7','224','7198362'
'2001','Washington','Liver and Intrahepatic Bile Duct','5','4.4','5.6','287','5985722'
'2001','Vermont','Liver and Intrahepatic Bile Duct','4.5','3','6.5','29','612223'
'2001','Louisiana','Liver and Intrahepatic Bile Duct','6.3','5.5','7.1','266','4477875'
'2001','New York','Liver and Intrahepatic Bile Duct','6.3','6','6.7','1240','19082838'
'2001','New Mexico','Liver and Intrahepatic Bile Duct','6.5','5.3','7.7','116','1831690'
'2001','Texas','Liver and Intrahepatic Bile Duct','6.6','6.3','7','1204','21319622'
'2001','California','Liver and Intrahepatic Bile Duct','7.3','7','7.6','2227','34479458'
'2001','Iowa','Liver and Intrahepatic Bile Duct','3','2.5','3.7','99','2931997'
'2001','Kansas','Liver and Intrahepatic Bile Duct','3','2.4','3.7','82','2702162'
'2001','Hawaii','Liver and Intrahepatic Bile Duct','10.1','8.5','12','131','1225948'
'2001','Alaska','Liver and Intrahepatic Bile Duct','9.6','6.6','13.3','42','633714'
'2002','Hawaii','Liver and Intrahepatic Bile Duct','8.8','7.3','10.6','117','1239613'
'2002','Utah','Liver and Intrahepatic Bile Duct','2.6','1.9','3.5','46','2324815'
'2002','Tennessee','Liver and Intrahepatic Bile Duct','2.9','2.5','3.4','173','5795918'
'2002','North Dakota','Liver and Intrahepatic Bile Duct','2.8','1.7','4.3','20','638168'
'2002','Nevada','Liver and Intrahepatic Bile Duct','5.4','4.4','6.5','114','2173791'
'2002','New Hampshire','Liver and Intrahepatic Bile Duct','4.4','3.3','5.8','55','1269089'
'2002','Nebraska','Liver and Intrahepatic Bile Duct','3.7','2.8','4.7','66','1728292'
'2002','Mississippi','Liver and Intrahepatic Bile Duct','null','null','null','Data Suppressed','null'
'2002','Missouri','Liver and Intrahepatic Bile Duct','4.5','4','5.1','270','5674825'
'2002','Montana','Liver and Intrahepatic Bile Duct','4','2.9','5.5','40','911667'
'2002','Michigan','Liver and Intrahepatic Bile Duct','4.9','4.5','5.4','500','10015710'
'2002','Minnesota','Liver and Intrahepatic Bile Duct','3.7','3.2','4.3','180','5018935'
'2002','Maine','Liver and Intrahepatic Bile Duct','3.7','2.8','4.8','54','1295960'
'2002','Maryland','Liver and Intrahepatic Bile Duct','5.6','4.9','6.2','292','5440389'
'2002','Massachusetts','Liver and Intrahepatic Bile Duct','5.6','5.1','6.2','382','6417206'
'2002','Kansas','Liver and Intrahepatic Bile Duct','3.3','2.6','4','91','2713535'
'2002','Kentucky','Liver and Intrahepatic Bile Duct','4.3','3.7','5','180','4089875'
'2002','Louisiana','Liver and Intrahepatic Bile Duct','5.7','5','6.5','247','4497267'
'2002','Illinois','Liver and Intrahepatic Bile Duct','5.4','5','5.8','656','12525556'
'2002','Indiana','Liver and Intrahepatic Bile Duct','4','3.5','4.6','250','6155967'
'2002','Iowa','Liver and Intrahepatic Bile Duct','3.7','3.1','4.4','122','2934234'
'2002','Idaho','Liver and Intrahepatic Bile Duct','3.1','2.2','4.3','40','1340372'
'2002','Georgia','Liver and Intrahepatic Bile Duct','4.4','3.9','4.9','323','8508256'
'2002','Florida','Liver and Intrahepatic Bile Duct','5.3','5','5.6','1077','16689370'
'2002','Delaware','Liver and Intrahepatic Bile Duct','3.6','2.4','5.2','30','806169'
'2002','Connecticut','Liver and Intrahepatic Bile Duct','4.5','3.8','5.2','170','3458749'
'2002','Colorado','Liver and Intrahepatic Bile Duct','5.2','4.5','5.9','205','4490406'
'2002','Arkansas','Liver and Intrahepatic Bile Duct','3.3','2.6','4','94','2705927'
'2002','Arizona','Liver and Intrahepatic Bile Duct','5.3','4.7','5.9','284','5396255'
'2002','Alabama','Liver and Intrahepatic Bile Duct','5','4.4','5.7','233','4480089'
'2002','Wisconsin','Liver and Intrahepatic Bile Duct','4.9','4.3','5.5','276','5445162'
'2002','Wyoming','Liver and Intrahepatic Bile Duct','3.4','2','5.5','17','500017'
'2002','West Virginia','Liver and Intrahepatic Bile Duct','4.3','3.4','5.2','92','1805414'
'2002','Washington','Liver and Intrahepatic Bile Duct','5.7','5.1','6.4','342','6052349'
'2002','Virginia','Liver and Intrahepatic Bile Duct','3.3','2.8','3.7','229','7286873'
'2002','Vermont','Liver and Intrahepatic Bile Duct','2.4','1.3','4','Data Suppressed','615442'
'2002','South Carolina','Liver and Intrahepatic Bile Duct','5','4.3','5.7','207','4107795'
'2002','South Dakota','Liver and Intrahepatic Bile Duct','3.5','2.4','5.1','30','760020'
'2002','Oregon','Liver and Intrahepatic Bile Duct','4.3','3.7','5','160','3513424'
'2002','Pennsylvania','Liver and Intrahepatic Bile Duct','5.2','4.9','5.6','753','12331031'
'2002','Rhode Island','Liver and Intrahepatic Bile Duct','5.4','4.1','6.9','63','1065995'
'2002','Ohio','Liver and Intrahepatic Bile Duct','4.4','4.1','4.8','535','11407889'
'2002','Oklahoma','Liver and Intrahepatic Bile Duct','4.7','4','5.5','170','3489080'
'2002','North Carolina','Liver and Intrahepatic Bile Duct','4.2','3.8','4.7','348','8326201'
'2002','New Jersey','Liver and Intrahepatic Bile Duct','5.5','5.1','6','496','8552643'
'2002','District of Columbia','Liver and Intrahepatic Bile Duct','6.4','4.5','8.9','36','573158'
'2002','Alaska','Liver and Intrahepatic Bile Duct','6.4','4.1','9.4','30','642337'
'2002','New York','Liver and Intrahepatic Bile Duct','6.4','6','6.7','1265','19137800'
'2002','California','Liver and Intrahepatic Bile Duct','7.3','7','7.6','2287','34871843'
'2002','Texas','Liver and Intrahepatic Bile Duct','7.3','6.9','7.7','1361','21690325'
'2002','New Mexico','Liver and Intrahepatic Bile Duct','7.1','5.9','8.4','130','1855309'
'2003','Rhode Island','Liver and Intrahepatic Bile Duct','7.8','6.3','9.6','92','1071342'
'2003','Montana','Liver and Intrahepatic Bile Duct','3.1','2.1','4.4','32','919630'
'2003','Idaho','Liver and Intrahepatic Bile Duct','3.1','2.2','4.2','40','1363380'
'2003','Hawaii','Liver and Intrahepatic Bile Duct','10.1','8.5','12','136','1251154'
'2003','Wisconsin','Liver and Intrahepatic Bile Duct','5','4.5','5.7','288','5479203'
'2003','Wyoming','Liver and Intrahepatic Bile Duct','4','2.5','6.2','21','503453'
'2003','West Virginia','Liver and Intrahepatic Bile Duct','4.1','3.3','5.1','88','1812295'
'2003','Washington','Liver and Intrahepatic Bile Duct','5.5','4.9','6.1','332','6104115'
'2003','Virginia','Liver and Intrahepatic Bile Duct','4.9','4.4','5.5','356','7366977'
'2003','Utah','Liver and Intrahepatic Bile Duct','3.3','2.5','4.2','59','2360137'
'2003','Vermont','Liver and Intrahepatic Bile Duct','4.1','2.7','6','27','617858'
'2003','South Dakota','Liver and Intrahepatic Bile Duct','3.3','2.2','4.8','28','763729'
'2003','Tennessee','Liver and Intrahepatic Bile Duct','3.2','2.8','3.7','198','5847812'
'2003','South Carolina','Liver and Intrahepatic Bile Duct','4.2','3.6','4.9','179','4150297'
'2003','Pennsylvania','Liver and Intrahepatic Bile Duct','5.7','5.3','6.1','827','12374658'
'2003','Oregon','Liver and Intrahepatic Bile Duct','4.8','4.2','5.6','182','3547376'
'2003','Ohio','Liver and Intrahepatic Bile Duct','4.2','3.9','4.6','515','11434788'
'2003','Oklahoma','Liver and Intrahepatic Bile Duct','4.6','3.9','5.3','168','3504892'
'2003','North Dakota','Liver and Intrahepatic Bile Duct','3.2','2','4.9','22','638817'
'2003','North Carolina','Liver and Intrahepatic Bile Duct','4.2','3.8','4.6','357','8422501'
'2003','New Hampshire','Liver and Intrahepatic Bile Duct','3.9','2.9','5.2','51','1279840'
'2003','New Jersey','Liver and Intrahepatic Bile Duct','6','5.5','6.5','547','8601402'
'2003','Nebraska','Liver and Intrahepatic Bile Duct','4.3','3.4','5.3','77','1738643'
'2003','Missouri','Liver and Intrahepatic Bile Duct','5.3','4.7','5.9','319','5709403'
'2003','Minnesota','Liver and Intrahepatic Bile Duct','3.6','3.1','4.2','182','5053572'
'2003','Massachusetts','Liver and Intrahepatic Bile Duct','5.6','5.1','6.2','383','6422565'
'2003','Michigan','Liver and Intrahepatic Bile Duct','5.6','5.2','6.1','583','10041152'
'2003','Louisiana','Liver and Intrahepatic Bile Duct','5.9','5.2','6.7','263','4521042'
'2003','Maine','Liver and Intrahepatic Bile Duct','3.9','3','5','59','1306513'
'2003','Maryland','Liver and Intrahepatic Bile Duct','5','4.4','5.6','272','5496269'
'2003','Iowa','Liver and Intrahepatic Bile Duct','3.5','2.9','4.2','119','2941999'
'2003','Kansas','Liver and Intrahepatic Bile Duct','3.8','3.1','4.6','108','2723004'
'2003','Kentucky','Liver and Intrahepatic Bile Duct','4.4','3.8','5.1','190','4117170'
'2003','Illinois','Liver and Intrahepatic Bile Duct','5.1','4.7','5.5','626','12556006'
'2003','Indiana','Liver and Intrahepatic Bile Duct','4.9','4.3','5.4','303','6196638'
'2003','Georgia','Liver and Intrahepatic Bile Duct','4.3','3.8','4.8','320','8622793'
'2003','Delaware','Liver and Intrahepatic Bile Duct','4.2','3','5.9','36','818003'
'2003','Florida','Liver and Intrahepatic Bile Duct','5.8','5.5','6.1','1200','17004085'
'2003','Connecticut','Liver and Intrahepatic Bile Duct','5.6','4.8','6.4','212','3484336'
'2003','Colorado','Liver and Intrahepatic Bile Duct','5.2','4.5','5.9','209','4528732'
'2003','Arkansas','Liver and Intrahepatic Bile Duct','3.6','3','4.4','107','2724816'
'2003','Arizona','Liver and Intrahepatic Bile Duct','4.9','4.4','5.6','277','5510364'
'2003','Alabama','Liver and Intrahepatic Bile Duct','4.3','3.8','5','206','4503491'
'2003','Nevada','Liver and Intrahepatic Bile Duct','6.4','5.3','7.6','135','2248850'
'2003','Mississippi','Liver and Intrahepatic Bile Duct','6.4','5.5','7.4','182','2868312'
'2003','New York','Liver and Intrahepatic Bile Duct','6.8','6.4','7.2','1360','19175939'
'2003','Alaska','Liver and Intrahepatic Bile Duct','6.6','4.4','9.5','35','648414'
'2003','Texas','Liver and Intrahepatic Bile Duct','7.5','7.1','7.9','1429','22030931'
'2003','New Mexico','Liver and Intrahepatic Bile Duct','7.1','5.9','8.4','134','1877574'
'2003','District of Columbia','Liver and Intrahepatic Bile Duct','7.2','5.1','9.7','41','568502'
'2003','California','Liver and Intrahepatic Bile Duct','7.4','7.1','7.7','2378','35253159'
'2004','California','Liver and Intrahepatic Bile Duct','7.8','7.5','8.1','2568','35574576'
'2004','New Mexico','Liver and Intrahepatic Bile Duct','7.9','6.7','9.3','154','1903808'
'2004','Utah','Liver and Intrahepatic Bile Duct','2.9','2.1','3.7','54','2401580'
'2004','Texas','Liver and Intrahepatic Bile Duct','8.3','7.9','8.7','1614','22394023'
'2004','Rhode Island','Liver and Intrahepatic Bile Duct','8.1','6.6','9.9','96','1074579'
'2004','North Dakota','Liver and Intrahepatic Bile Duct','2.6','1.6','4.1','20','644705'
'2004','Wyoming','Liver and Intrahepatic Bile Duct','3','1.7','4.9','16','509106'
'2004','Nebraska','Liver and Intrahepatic Bile Duct','4','3.1','5','73','1749370'
'2004','Minnesota','Liver and Intrahepatic Bile Duct','3.8','3.3','4.4','199','5087713'
'2004','Mississippi','Liver and Intrahepatic Bile Duct','5','4.2','5.9','144','2889010'
'2004','Missouri','Liver and Intrahepatic Bile Duct','5.7','5.1','6.3','354','5747741'
'2004','Massachusetts','Liver and Intrahepatic Bile Duct','6','5.4','6.6','416','6412281'
'2004','Michigan','Liver and Intrahepatic Bile Duct','5.7','5.2','6.1','599','10055315'
'2004','Maine','Liver and Intrahepatic Bile Duct','4.9','3.9','6.1','77','1313688'
'2004','Maryland','Liver and Intrahepatic Bile Duct','5','4.4','5.7','279','5546935'
'2004','Kentucky','Liver and Intrahepatic Bile Duct','4.7','4.1','5.4','200','4146101'
'2004','Kansas','Liver and Intrahepatic Bile Duct','3.3','2.7','4.1','95','2734373'
'2004','Indiana','Liver and Intrahepatic Bile Duct','4.6','4.1','5.1','294','6233007'
'2004','Iowa','Liver and Intrahepatic Bile Duct','4.2','3.5','5','142','2953635'
'2004','Illinois','Liver and Intrahepatic Bile Duct','5.7','5.3','6.1','714','12589773'
'2004','Idaho','Liver and Intrahepatic Bile Duct','4.5','3.5','5.8','62','1391802'
'2004','Florida','Liver and Intrahepatic Bile Duct','5.7','5.4','6','1213','17415318'
'2004','Georgia','Liver and Intrahepatic Bile Duct','5.2','4.7','5.7','401','8769252'
'2004','Connecticut','Liver and Intrahepatic Bile Duct','5.7','5','6.5','217','3496094'
'2004','Delaware','Liver and Intrahepatic Bile Duct','5.9','4.4','7.8','53','830803'
'2004','Arizona','Liver and Intrahepatic Bile Duct','6.2','5.6','6.9','361','5652404'
'2004','Alabama','Liver and Intrahepatic Bile Duct','4.9','4.3','5.5','239','4530729'
'2004','Arkansas','Liver and Intrahepatic Bile Duct','4.6','3.9','5.5','139','2749686'
'2004','New Hampshire','Liver and Intrahepatic Bile Duct','3.3','2.4','4.5','45','1290121'
'2004','Vermont','Liver and Intrahepatic Bile Duct','3.9','2.6','5.7','28','619920'
'2004','Virginia','Liver and Intrahepatic Bile Duct','4.9','4.4','5.4','361','7475575'
'2004','Tennessee','Liver and Intrahepatic Bile Duct','4.1','3.6','4.6','255','5910809'
'2004','South Carolina','Liver and Intrahepatic Bile Duct','3.9','3.3','4.5','170','4210921'
'2004','South Dakota','Liver and Intrahepatic Bile Duct','3.2','2.1','4.7','27','770396'
'2004','Oregon','Liver and Intrahepatic Bile Duct','5.4','4.7','6.1','208','3569463'
'2004','Pennsylvania','Liver and Intrahepatic Bile Duct','5.4','5','5.8','791','12410722'
'2004','Oklahoma','Liver and Intrahepatic Bile Duct','5.8','5.1','6.7','216','3525233'
'2004','Ohio','Liver and Intrahepatic Bile Duct','4.3','4','4.7','535','11452251'
'2004','North Carolina','Liver and Intrahepatic Bile Duct','4.6','4.2','5.1','406','8553152'
'2004','Wisconsin','Liver and Intrahepatic Bile Duct','5.3','4.8','6','311','5514026'
'2004','West Virginia','Liver and Intrahepatic Bile Duct','4.7','3.8','5.7','103','1816438'
'2004','Colorado','Liver and Intrahepatic Bile Duct','5.2','4.5','6','217','4575013'
'2004','New Jersey','Liver and Intrahepatic Bile Duct','6.2','5.7','6.7','573','8634561'
'2004','Nevada','Liver and Intrahepatic Bile Duct','6.3','5.3','7.5','143','2346222'
'2004','Washington','Liver and Intrahepatic Bile Duct','6.5','5.9','7.2','401','6178645'
'2004','Louisiana','Liver and Intrahepatic Bile Duct','6.9','6.2','7.7','309','4552238'
'2004','District of Columbia','Liver and Intrahepatic Bile Duct','7.6','5.5','10.3','44','567754'
'2004','New York','Liver and Intrahepatic Bile Duct','7.2','6.9','7.6','1467','19171567'
'2004','Montana','Liver and Intrahepatic Bile Duct','3','2.1','4.3','32','930009'
'2004','Hawaii','Liver and Intrahepatic Bile Duct','9.1','7.6','10.9','126','1273569'
'2004','Alaska','Liver and Intrahepatic Bile Duct','10.9','7.8','14.7','51','659286'
'2005','Texas','Liver and Intrahepatic Bile Duct','8.2','7.8','8.6','1668','22773020'
'2005','New Mexico','Liver and Intrahepatic Bile Duct','8.3','7','9.6','165','1932274'
'2005','Hawaii','Liver and Intrahepatic Bile Duct','10.7','9.1','12.6','155','1292729'
'2005','District of Columbia','Liver and Intrahepatic Bile Duct','8.9','6.7','11.8','52','567136'
'2005','Colorado','Liver and Intrahepatic Bile Duct','5.1','4.4','5.8','222','4631888'
'2005','Arizona','Liver and Intrahepatic Bile Duct','5.7','5.1','6.3','344','5839077'
'2005','Arkansas','Liver and Intrahepatic Bile Duct','4.8','4','5.6','145','2781097'
'2005','Alabama','Liver and Intrahepatic Bile Duct','4.9','4.3','5.5','240','4565917'
'2005','Alaska','Liver and Intrahepatic Bile Duct','6.1','4','9','30','666946'
'2005','Wyoming','Liver and Intrahepatic Bile Duct','2.1','1.1','3.7','Data Suppressed','514157'
'2005','Wisconsin','Liver and Intrahepatic Bile Duct','5.2','4.7','5.8','309','5546166'
'2005','Washington','Liver and Intrahepatic Bile Duct','6','5.4','6.7','392','6257305'
'2005','West Virginia','Liver and Intrahepatic Bile Duct','3.6','2.8','4.5','80','1820492'
'2005','Utah','Liver and Intrahepatic Bile Duct','3.6','2.8','4.6','68','2457719'
'2005','Vermont','Liver and Intrahepatic Bile Duct','3.2','2','4.9','23','621215'
'2005','Virginia','Liver and Intrahepatic Bile Duct','5.4','4.9','6','410','7577105'
'2005','South Dakota','Liver and Intrahepatic Bile Duct','3.3','2.2','4.8','28','775493'
'2005','Tennessee','Liver and Intrahepatic Bile Duct','4.5','4','5.1','292','5991057'
'2005','Pennsylvania','Liver and Intrahepatic Bile Duct','5.6','5.2','6','830','12449990'
'2005','Rhode Island','Liver and Intrahepatic Bile Duct','5.6','4.3','7.1','68','1067916'
'2005','South Carolina','Liver and Intrahepatic Bile Duct','4.2','3.6','4.9','191','4270150'
'2005','Ohio','Liver and Intrahepatic Bile Duct','4.5','4.2','4.9','570','11463320'
'2005','Oklahoma','Liver and Intrahepatic Bile Duct','5.1','4.4','5.9','194','3548597'
'2005','Oregon','Liver and Intrahepatic Bile Duct','5.2','4.5','5.9','213','3613202'
'2005','North Dakota','Liver and Intrahepatic Bile Duct','3.3','2.1','5','24','646089'
'2005','North Carolina','Liver and Intrahepatic Bile Duct','5.4','5','5.9','490','8705407'
'2005','Nevada','Liver and Intrahepatic Bile Duct','6','5','7.1','138','2432143'
'2005','New Hampshire','Liver and Intrahepatic Bile Duct','5.3','4.1','6.7','74','1298492'
'2005','Nebraska','Liver and Intrahepatic Bile Duct','4.4','3.5','5.5','83','1761497'
'2005','Missouri','Liver and Intrahepatic Bile Duct','5.6','5','6.2','351','5790300'
'2005','Montana','Liver and Intrahepatic Bile Duct','4.8','3.6','6.3','53','940102'
'2005','Mississippi','Liver and Intrahepatic Bile Duct','5.6','4.8','6.6','165','2876229'
'2005','Minnesota','Liver and Intrahepatic Bile Duct','3.7','3.2','4.2','191','5119598'
'2005','Michigan','Liver and Intrahepatic Bile Duct','5.3','4.9','5.8','572','10051137'
'2005','Maryland','Liver and Intrahepatic Bile Duct','5.8','5.2','6.4','328','5592379'
'2005','Maine','Liver and Intrahepatic Bile Duct','5.1','4.1','6.4','80','1318787'
'2005','Kansas','Liver and Intrahepatic Bile Duct','3.3','2.6','4','95','2745299'
'2005','Kentucky','Liver and Intrahepatic Bile Duct','5.2','4.5','5.9','230','4182742'
'2005','Illinois','Liver and Intrahepatic Bile Duct','6','5.5','6.4','757','12609903'
'2005','Indiana','Liver and Intrahepatic Bile Duct','5','4.4','5.5','320','6278616'
'2005','Iowa','Liver and Intrahepatic Bile Duct','4.5','3.9','5.3','156','2964454'
'2005','Idaho','Liver and Intrahepatic Bile Duct','4.6','3.5','5.8','65','1428241'
'2005','Georgia','Liver and Intrahepatic Bile Duct','5.5','5','6','451','8925922'
'2005','Florida','Liver and Intrahepatic Bile Duct','6.1','5.8','6.4','1337','17842038'
'2005','Connecticut','Liver and Intrahepatic Bile Duct','6','5.2','6.8','231','3506956'
'2005','Delaware','Liver and Intrahepatic Bile Duct','4.8','3.5','6.5','45','845150'
'2005','New Jersey','Liver and Intrahepatic Bile Duct','6.2','5.7','6.8','585','8651974'
'2005','Louisiana','Liver and Intrahepatic Bile Duct','6.2','5.5','7','278','4411396'
'2005','Massachusetts','Liver and Intrahepatic Bile Duct','6.4','5.8','7','450','6403290'
'2005','New York','Liver and Intrahepatic Bile Duct','7.6','7.2','8','1552','19132610'
'2005','California','Liver and Intrahepatic Bile Duct','8.6','8.2','8.9','2868','35827943'
'2006','Hawaii','Liver and Intrahepatic Bile Duct','10.1','8.5','11.9','145','1309731'
'2006','District of Columbia','Liver and Intrahepatic Bile Duct','9','6.7','11.8','51','570681'
'2006','California','Liver and Intrahepatic Bile Duct','8.6','8.3','8.9','2945','36021202'
'2006','Alaska','Liver and Intrahepatic Bile Duct','7.8','5.3','10.8','43','675302'
'2006','Wisconsin','Liver and Intrahepatic Bile Duct','4.8','4.2','5.4','294','5577655'
'2006','West Virginia','Liver and Intrahepatic Bile Duct','4.5','3.6','5.4','101','1827912'
'2006','Virginia','Liver and Intrahepatic Bile Duct','5.8','5.3','6.4','457','7673725'
'2006','Utah','Liver and Intrahepatic Bile Duct','4','3.2','5','82','2525507'
'2006','South Dakota','Liver and Intrahepatic Bile Duct','3.7','2.5','5.2','32','783033'
'2006','Tennessee','Liver and Intrahepatic Bile Duct','5.1','4.5','5.7','335','6088766'
'2006','South Carolina','Liver and Intrahepatic Bile Duct','5.1','4.5','5.8','238','4357847'
'2006','Pennsylvania','Liver and Intrahepatic Bile Duct','6.1','5.7','6.5','905','12510809'
'2006','Oregon','Liver and Intrahepatic Bile Duct','5.6','4.9','6.4','234','3670883'
'2006','North Dakota','Liver and Intrahepatic Bile Duct','4.5','3.1','6.3','34','649422'
'2006','Ohio','Liver and Intrahepatic Bile Duct','5','4.6','5.4','640','11481213'
'2006','North Carolina','Liver and Intrahepatic Bile Duct','5','4.5','5.4','463','8917270'
'2006','New Hampshire','Liver and Intrahepatic Bile Duct','4.3','3.3','5.6','61','1308389'
'2006','Missouri','Liver and Intrahepatic Bile Duct','6.2','5.6','6.8','399','5842704'
'2006','Montana','Liver and Intrahepatic Bile Duct','4.3','3.1','5.7','46','952692'
'2006','Nebraska','Liver and Intrahepatic Bile Duct','4.2','3.3','5.2','80','1772693'
'2006','Minnesota','Liver and Intrahepatic Bile Duct','4.5','4','5.2','246','5163555'
'2006','Mississippi','Liver and Intrahepatic Bile Duct','6','5.2','7','179','2904978'
'2006','Michigan','Liver and Intrahepatic Bile Duct','5.9','5.4','6.3','638','10036081'
'2006','Maine','Liver and Intrahepatic Bile Duct','4.8','3.8','6.1','80','1323619'
'2006','Maryland','Liver and Intrahepatic Bile Duct','5.1','4.5','5.7','295','5627367'
'2006','Kentucky','Liver and Intrahepatic Bile Duct','5.1','4.5','5.8','235','4219239'
'2006','Indiana','Liver and Intrahepatic Bile Duct','5.1','4.6','5.7','341','6332669'
'2006','Iowa','Liver and Intrahepatic Bile Duct','4.4','3.7','5.2','153','2982644'
'2006','Kansas','Liver and Intrahepatic Bile Duct','4','3.3','4.8','120','2762931'
'2006','Illinois','Liver and Intrahepatic Bile Duct','5.9','5.5','6.3','763','12643955'
'2006','Idaho','Liver and Intrahepatic Bile Duct','4.3','3.3','5.5','61','1468669'
'2006','Georgia','Liver and Intrahepatic Bile Duct','5.5','5','6','468','9155813'
'2006','Delaware','Liver and Intrahepatic Bile Duct','6.1','4.6','7.9','59','859268'
'2006','Colorado','Liver and Intrahepatic Bile Duct','5.4','4.8','6.2','249','4720423'
'2006','Connecticut','Liver and Intrahepatic Bile Duct','6.2','5.4','7','250','3517460'
'2006','Arizona','Liver and Intrahepatic Bile Duct','5.6','5','6.2','354','6029141'
'2006','Arkansas','Liver and Intrahepatic Bile Duct','4.7','3.9','5.5','150','2821761'
'2006','Alabama','Liver and Intrahepatic Bile Duct','4.5','4','5.1','234','4628981'
'2006','New Jersey','Liver and Intrahepatic Bile Duct','6.3','5.8','6.9','600','8661679'
'2006','Wyoming','Liver and Intrahepatic Bile Duct','6.4','4.5','9','35','522667'
'2006','Louisiana','Liver and Intrahepatic Bile Duct','6.5','5.8','7.3','296','4302665'
'2006','Florida','Liver and Intrahepatic Bile Duct','6.4','6.1','6.8','1434','18166990'
'2006','Washington','Liver and Intrahepatic Bile Duct','6.9','6.2','7.5','451','6370753'
'2006','Oklahoma','Liver and Intrahepatic Bile Duct','6.8','6','7.6','262','3594090'
'2006','Rhode Island','Liver and Intrahepatic Bile Duct','7.4','5.9','9.1','91','1063096'
'2006','New Mexico','Liver and Intrahepatic Bile Duct','7.7','6.6','9','161','1962137'
'2006','New York','Liver and Intrahepatic Bile Duct','7.6','7.2','8','1576','19104631'
'2006','Nevada','Liver and Intrahepatic Bile Duct','7.3','6.3','8.5','181','2522658'
'2006','Massachusetts','Liver and Intrahepatic Bile Duct','7.4','6.8','8.1','529','6410084'
'2006','Vermont','Liver and Intrahepatic Bile Duct','3.1','1.9','4.8','21','622892'
'2006','Texas','Liver and Intrahepatic Bile Duct','8.4','8','8.8','1775','23359580'
'2007','Hawaii','Liver and Intrahepatic Bile Duct','10.6','9','12.3','161','1315675'
'2007','District of Columbia','Liver and Intrahepatic Bile Duct','9.1','6.7','12','51','574404'
'2007','California','Liver and Intrahepatic Bile Duct','9','8.7','9.3','3150','36250311'
'2007','Texas','Liver and Intrahepatic Bile Duct','9.2','8.8','9.6','2004','23831983'
'2007','South Dakota','Liver and Intrahepatic Bile Duct','2.7','1.7','4.1','24','791623'
'2007','New Mexico','Liver and Intrahepatic Bile Duct','8.4','7.2','9.7','180','1990070'
'2007','New York','Liver and Intrahepatic Bile Duct','8.2','7.8','8.6','1735','19132335'
'2007','Missouri','Liver and Intrahepatic Bile Duct','6.2','5.6','6.8','413','5887612'
'2007','Montana','Liver and Intrahepatic Bile Duct','3.5','2.5','4.8','41','964706'
'2007','Minnesota','Liver and Intrahepatic Bile Duct','4.4','3.9','5','246','5207203'
'2007','Mississippi','Liver and Intrahepatic Bile Duct','5.8','5','6.7','178','2928350'
'2007','Michigan','Liver and Intrahepatic Bile Duct','6.1','5.7','6.6','680','10001284'
'2007','Maryland','Liver and Intrahepatic Bile Duct','6.1','5.5','6.8','369','5653408'
'2007','Maine','Liver and Intrahepatic Bile Duct','4.3','3.4','5.4','72','1327040'
'2007','Kentucky','Liver and Intrahepatic Bile Duct','5.1','4.5','5.8','236','4256672'
'2007','Iowa','Liver and Intrahepatic Bile Duct','4.1','3.5','4.9','146','2999212'
'2007','Kansas','Liver and Intrahepatic Bile Duct','5.2','4.4','6.1','157','2783785'
'2007','Indiana','Liver and Intrahepatic Bile Duct','5.5','4.9','6.1','372','6379599'
'2007','Idaho','Liver and Intrahepatic Bile Duct','4.3','3.3','5.5','63','1505105'
'2007','Georgia','Liver and Intrahepatic Bile Duct','5.9','5.4','6.5','530','9349988'
'2007','Colorado','Liver and Intrahepatic Bile Duct','5.9','5.2','6.6','281','4803868'
'2007','Arkansas','Liver and Intrahepatic Bile Duct','5','4.3','5.9','161','2848650'
'2007','Alabama','Liver and Intrahepatic Bile Duct','5.4','4.8','6.1','283','4672840'
'2007','Wisconsin','Liver and Intrahepatic Bile Duct','5.6','5','6.2','353','5610775'
'2007','Wyoming','Liver and Intrahepatic Bile Duct','4.8','3.2','7','28','534876'
'2007','West Virginia','Liver and Intrahepatic Bile Duct','5.9','5','7.1','136','1834052'
'2007','Virginia','Liver and Intrahepatic Bile Duct','5.1','4.6','5.6','414','7751000'
'2007','Utah','Liver and Intrahepatic Bile Duct','4.1','3.3','5.1','87','2597746'
'2007','Tennessee','Liver and Intrahepatic Bile Duct','5.6','5','6.2','383','6175727'
'2007','South Carolina','Liver and Intrahepatic Bile Duct','5.5','4.8','6.2','263','4444110'
'2007','North Dakota','Liver and Intrahepatic Bile Duct','4.8','3.4','6.7','36','652822'
'2007','Ohio','Liver and Intrahepatic Bile Duct','5','4.6','5.4','654','11500468'
'2007','North Carolina','Liver and Intrahepatic Bile Duct','5.8','5.3','6.3','564','9118037'
'2007','Nebraska','Liver and Intrahepatic Bile Duct','4.2','3.3','5.2','83','1783440'
'2007','New Hampshire','Liver and Intrahepatic Bile Duct','5.1','4','6.4','73','1312540'
'2007','Illinois','Liver and Intrahepatic Bile Duct','6.3','5.9','6.8','831','12695866'
'2007','Delaware','Liver and Intrahepatic Bile Duct','6.4','4.9','8.2','63','871749'
'2007','Vermont','Liver and Intrahepatic Bile Duct','6.3','4.6','8.4','46','623481'
'2007','Oregon','Liver and Intrahepatic Bile Duct','6.3','5.6','7.1','271','3722417'
'2007','Pennsylvania','Liver and Intrahepatic Bile Duct','6.5','6.1','6.9','992','12563937'
'2007','Oklahoma','Liver and Intrahepatic Bile Duct','6.4','5.6','7.2','256','3634349'
'2007','Florida','Liver and Intrahepatic Bile Duct','6.6','6.3','6.9','1501','18367842'
'2007','Connecticut','Liver and Intrahepatic Bile Duct','6.5','5.7','7.3','263','3527270'
'2007','Arizona','Liver and Intrahepatic Bile Duct','6.9','6.3','7.6','457','6167681'
'2007','Alaska','Liver and Intrahepatic Bile Duct','6.5','4.3','9.2','35','680300'
'2007','New Jersey','Liver and Intrahepatic Bile Duct','6.7','6.2','7.2','637','8677885'
'2007','Massachusetts','Liver and Intrahepatic Bile Duct','7.4','6.8','8','534','6431559'
'2007','Louisiana','Liver and Intrahepatic Bile Duct','7.1','6.4','7.9','329','4375581'
'2007','Washington','Liver and Intrahepatic Bile Duct','7.1','6.4','7.7','487','6461587'
'2007','Rhode Island','Liver and Intrahepatic Bile Duct','7','5.6','8.7','83','1057315'
'2007','Nevada','Liver and Intrahepatic Bile Duct','7.1','6.1','8.3','186','2601072'
'2008','Texas','Liver and Intrahepatic Bile Duct','9.3','8.9','9.7','2099','24309039'
'2008','North Dakota','Liver and Intrahepatic Bile Duct','2.7','1.7','4.2','21','657569'
'2008','New Mexico','Liver and Intrahepatic Bile Duct','9','7.8','10.4','198','2010662'
'2008','New York','Liver and Intrahepatic Bile Duct','8.3','7.9','8.7','1777','19212436'
'2008','Massachusetts','Liver and Intrahepatic Bile Duct','7.9','7.3','8.6','589','6468967'
'2008','Louisiana','Liver and Intrahepatic Bile Duct','8.1','7.3','9','382','4435586'
'2008','Hawaii','Liver and Intrahepatic Bile Duct','10.7','9.1','12.5','168','1332213'
'2008','District of Columbia','Liver and Intrahepatic Bile Duct','9.8','7.4','12.6','60','580236'
'2008','Colorado','Liver and Intrahepatic Bile Duct','6.1','5.4','6.9','301','4889730'
'2008','Arkansas','Liver and Intrahepatic Bile Duct','5.7','4.9','6.6','187','2874554'
'2008','Alabama','Liver and Intrahepatic Bile Duct','6.2','5.5','6.9','329','4718206'
'2008','Utah','Liver and Intrahepatic Bile Duct','4.4','3.5','5.4','92','2663029'
'2008','Tennessee','Liver and Intrahepatic Bile Duct','6','5.4','6.6','415','6247411'
'2008','South Carolina','Liver and Intrahepatic Bile Duct','5.9','5.2','6.6','297','4528996'
'2008','South Dakota','Liver and Intrahepatic Bile Duct','3.8','2.6','5.4','34','799124'
'2008','North Carolina','Liver and Intrahepatic Bile Duct','6.1','5.6','6.6','623','9309449'
'2008','Ohio','Liver and Intrahepatic Bile Duct','5.6','5.2','6','752','11515391'
'2008','New Hampshire','Liver and Intrahepatic Bile Duct','4.2','3.2','5.4','65','1315906'
'2008','Montana','Liver and Intrahepatic Bile Duct','4.5','3.4','5.8','56','976415'
'2008','Nebraska','Liver and Intrahepatic Bile Duct','5.6','4.6','6.8','109','1796378'
'2008','Missouri','Liver and Intrahepatic Bile Duct','5.6','5.1','6.2','381','5923916'
'2008','Minnesota','Liver and Intrahepatic Bile Duct','4.9','4.3','5.5','274','5247018'
'2008','Michigan','Liver and Intrahepatic Bile Duct','6.1','5.7','6.6','690','9946889'
'2008','Maine','Liver and Intrahepatic Bile Duct','4.6','3.6','5.7','78','1330509'
'2008','Kentucky','Liver and Intrahepatic Bile Duct','6.1','5.4','6.9','294','4289878'
'2008','Iowa','Liver and Intrahepatic Bile Duct','5.5','4.8','6.4','199','3016734'
'2008','Kansas','Liver and Intrahepatic Bile Duct','4.7','4','5.6','148','2808076'
'2008','Indiana','Liver and Intrahepatic Bile Duct','5.9','5.3','6.5','411','6424806'
'2008','Idaho','Liver and Intrahepatic Bile Duct','4.7','3.7','5.9','78','1534320'
'2008','Illinois','Liver and Intrahepatic Bile Duct','6.1','5.7','6.6','826','12747038'
'2008','Georgia','Liver and Intrahepatic Bile Duct','6.2','5.7','6.8','561','9504843'
'2008','Delaware','Liver and Intrahepatic Bile Duct','5.6','4.2','7.3','58','883874'
'2008','Wyoming','Liver and Intrahepatic Bile Duct','5.1','3.4','7.4','30','546043'
'2008','Wisconsin','Liver and Intrahepatic Bile Duct','5.6','5.1','6.3','365','5640996'
'2008','West Virginia','Liver and Intrahepatic Bile Duct','5.4','4.5','6.5','126','1840310'
'2008','Mississippi','Liver and Intrahepatic Bile Duct','6.2','5.4','7.2','195','2947806'
'2008','Nevada','Liver and Intrahepatic Bile Duct','6.3','5.4','7.3','171','2653630'
'2008','Oklahoma','Liver and Intrahepatic Bile Duct','6.4','5.6','7.2','263','3668976'
'2008','Arizona','Liver and Intrahepatic Bile Duct','6.4','5.8','7','434','6280362'
'2008','Virginia','Liver and Intrahepatic Bile Duct','6.5','6','7.1','537','7833496'
'2008','Oregon','Liver and Intrahepatic Bile Duct','6.7','6','7.6','300','3768748'
'2008','Pennsylvania','Liver and Intrahepatic Bile Duct','6.8','6.4','7.2','1054','12612285'
'2008','New Jersey','Liver and Intrahepatic Bile Duct','6.6','6.1','7.1','647','8711090'
'2008','Maryland','Liver and Intrahepatic Bile Duct','6.7','6','7.3','407','5684965'
'2008','Rhode Island','Liver and Intrahepatic Bile Duct','7.4','5.9','9.2','88','1055003'
'2008','Florida','Liver and Intrahepatic Bile Duct','7.1','6.7','7.4','1649','18527305'
'2008','Connecticut','Liver and Intrahepatic Bile Duct','7.1','6.3','8','297','3545579'
'2008','Washington','Liver and Intrahepatic Bile Duct','7.6','6.9','8.2','533','6562231'
'2008','Vermont','Liver and Intrahepatic Bile Duct','7.3','5.4','9.7','51','624151'
'2008','California','Liver and Intrahepatic Bile Duct','9','8.7','9.3','3236','36604337'
'2008','Alaska','Liver and Intrahepatic Bile Duct','7.8','5.6','10.6','49','687455'
'2009','North Dakota','Liver and Intrahepatic Bile Duct','3.4','2.2','5','27','664968'
'2009','Ohio','Liver and Intrahepatic Bile Duct','6','5.6','6.4','812','11528896'
'2009','New Hampshire','Liver and Intrahepatic Bile Duct','5.6','4.5','6.9','89','1316102'
'2009','Nebraska','Liver and Intrahepatic Bile Duct','5','4','6','100','1812683'
'2009','Montana','Liver and Intrahepatic Bile Duct','4.8','3.6','6.3','58','983982'
'2009','Michigan','Liver and Intrahepatic Bile Duct','6.1','5.7','6.6','711','9901591'
'2009','Minnesota','Liver and Intrahepatic Bile Duct','5.1','4.6','5.8','304','5281203'
'2009','Maine','Liver and Intrahepatic Bile Duct','5.6','4.5','6.9','97','1329590'
'2009','Kansas','Liver and Intrahepatic Bile Duct','5','4.2','5.8','160','2832704'
'2009','Kentucky','Liver and Intrahepatic Bile Duct','6.1','5.4','6.9','301','4317074'
'2009','Indiana','Liver and Intrahepatic Bile Duct','6','5.5','6.6','437','6459325'
'2009','Iowa','Liver and Intrahepatic Bile Duct','5.3','4.6','6.1','194','3032870'
'2009','Idaho','Liver and Intrahepatic Bile Duct','5.1','4','6.3','86','1554439'
'2009','Arkansas','Liver and Intrahepatic Bile Duct','6','5.2','6.9','203','2896843'
'2009','Alabama','Liver and Intrahepatic Bile Duct','6.1','5.4','6.8','331','4757938'
'2009','Utah','Liver and Intrahepatic Bile Duct','5.2','4.3','6.3','116','2723421'
'2009','Vermont','Liver and Intrahepatic Bile Duct','6.1','4.5','8.2','48','624817'
'2009','South Dakota','Liver and Intrahepatic Bile Duct','4.3','3.1','5.9','42','807067'
'2009','Wyoming','Liver and Intrahepatic Bile Duct','4.5','3','6.6','29','559851'
'2009','Wisconsin','Liver and Intrahepatic Bile Duct','6','5.4','6.7','390','5669264'
'2009','West Virginia','Liver and Intrahepatic Bile Duct','5.7','4.8','6.8','134','1847775'
'2009','Georgia','Liver and Intrahepatic Bile Duct','6.3','5.8','6.9','599','9620846'
'2009','North Carolina','Liver and Intrahepatic Bile Duct','6.5','6','7','677','9449566'
'2009','Nevada','Liver and Intrahepatic Bile Duct','6.5','5.6','7.6','177','2684665'
'2009','Virginia','Liver and Intrahepatic Bile Duct','6.4','5.9','7','552','7925937'
'2009','Mississippi','Liver and Intrahepatic Bile Duct','6.8','5.9','7.8','219','2958774'
'2009','Missouri','Liver and Intrahepatic Bile Duct','7','6.3','7.6','484','5961088'
'2009','Maryland','Liver and Intrahepatic Bile Duct','6.8','6.2','7.5','434','5730388'
'2009','Illinois','Liver and Intrahepatic Bile Duct','7','6.5','7.4','954','12796778'
'2009','Connecticut','Liver and Intrahepatic Bile Duct','7','6.2','7.9','295','3561807'
'2009','Arizona','Liver and Intrahepatic Bile Duct','6.9','6.3','7.5','478','6343154'
'2009','Tennessee','Liver and Intrahepatic Bile Duct','6.8','6.2','7.4','488','6306019'
'2009','South Carolina','Liver and Intrahepatic Bile Duct','7','6.3','7.8','369','4589872'
'2009','Oklahoma','Liver and Intrahepatic Bile Duct','7.7','6.8','8.6','320','3717572'
'2009','New Jersey','Liver and Intrahepatic Bile Duct','7.2','6.7','7.8','720','8755602'
'2009','Florida','Liver and Intrahepatic Bile Duct','7.1','6.7','7.4','1701','18652644'
'2009','Colorado','Liver and Intrahepatic Bile Duct','7.5','6.7','8.3','375','4972195'
'2009','Alaska','Liver and Intrahepatic Bile Duct','7.2','5.1','9.7','50','698895'
'2009','Oregon','Liver and Intrahepatic Bile Duct','7.6','6.8','8.5','350','3808600'
'2009','Pennsylvania','Liver and Intrahepatic Bile Duct','7.3','6.8','7.7','1151','12666858'
'2009','New Mexico','Liver and Intrahepatic Bile Duct','9','7.8','10.3','208','2036802'
'2009','New York','Liver and Intrahepatic Bile Duct','8.3','8','8.7','1826','19307066'
'2009','Massachusetts','Liver and Intrahepatic Bile Duct','8.2','7.6','8.9','617','6517613'
'2009','Louisiana','Liver and Intrahepatic Bile Duct','7.7','6.9','8.5','376','4491648'
'2009','Hawaii','Liver and Intrahepatic Bile Duct','9.9','8.4','11.6','154','1346717'
'2009','Delaware','Liver and Intrahepatic Bile Duct','8.5','6.8','10.5','91','891730'
'2009','District of Columbia','Liver and Intrahepatic Bile Duct','12.2','9.5','15.5','72','592228'
'2009','California','Liver and Intrahepatic Bile Duct','9.6','9.3','9.9','3573','36961229'
'2009','Washington','Liver and Intrahepatic Bile Duct','8.1','7.4','8.8','594','6667426'
'2009','Texas','Liver and Intrahepatic Bile Duct','10.2','9.8','10.7','2396','24801761'
'2009','Rhode Island','Liver and Intrahepatic Bile Duct','8.7','7.1','10.5','108','1053646'
'2010','Texas','Liver and Intrahepatic Bile Duct','10.2','9.8','10.6','2498','25242679'
'2010','South Dakota','Liver and Intrahepatic Bile Duct','3','2','4.4','29','816165'
'2010','Oregon','Liver and Intrahepatic Bile Duct','7.9','7.1','8.7','366','3837532'
'2010','New York','Liver and Intrahepatic Bile Duct','8.2','7.8','8.6','1822','19400080'
'2010','New Mexico','Liver and Intrahepatic Bile Duct','8.5','7.4','9.8','202','2064588'
'2010','Louisiana','Liver and Intrahepatic Bile Duct','7.9','7.2','8.8','402','4544532'
'2010','Hawaii','Liver and Intrahepatic Bile Duct','11.4','9.8','13.2','187','1363963'
'2010','District of Columbia','Liver and Intrahepatic Bile Duct','12.7','10.1','15.9','82','605085'
'2010','Connecticut','Liver and Intrahepatic Bile Duct','8.1','7.3','9','345','3579125'
'2010','Delaware','Liver and Intrahepatic Bile Duct','9.1','7.4','11.2','95','899595'
'2010','Wyoming','Liver and Intrahepatic Bile Duct','5','3.4','7.1','33','564483'
'2010','West Virginia','Liver and Intrahepatic Bile Duct','5.1','4.3','6.1','125','1854214'
'2010','Utah','Liver and Intrahepatic Bile Duct','5','4.1','6.1','114','2775334'
'2010','North Dakota','Liver and Intrahepatic Bile Duct','3.9','2.6','5.5','32','674710'
'2010','New Hampshire','Liver and Intrahepatic Bile Duct','5','4','6.3','80','1316777'
'2010','Nebraska','Liver and Intrahepatic Bile Duct','5.9','4.9','7.1','122','1829536'
'2010','Montana','Liver and Intrahepatic Bile Duct','5.3','4.1','6.8','66','990722'
'2010','Minnesota','Liver and Intrahepatic Bile Duct','4.8','4.3','5.5','285','5310843'
'2010','Maine','Liver and Intrahepatic Bile Duct','4.7','3.7','5.9','84','1327632'
'2010','Iowa','Liver and Intrahepatic Bile Duct','5.3','4.6','6.1','197','3050767'
'2010','Kansas','Liver and Intrahepatic Bile Duct','5','4.2','5.8','161','2858213'
'2010','Idaho','Liver and Intrahepatic Bile Duct','5.4','4.3','6.6','91','1570773'
'2010','Indiana','Liver and Intrahepatic Bile Duct','5.9','5.4','6.5','438','6490436'
'2010','Oklahoma','Liver and Intrahepatic Bile Duct','6.2','5.4','7','264','3759632'
'2010','Nevada','Liver and Intrahepatic Bile Duct','6.3','5.4','7.3','180','2702464'
'2010','Georgia','Liver and Intrahepatic Bile Duct','6.3','5.8','6.9','625','9711810'
'2010','Alabama','Liver and Intrahepatic Bile Duct','6.3','5.7','7.1','356','4785448'
'2010','Arkansas','Liver and Intrahepatic Bile Duct','6.4','5.6','7.3','221','2921978'
'2010','Wisconsin','Liver and Intrahepatic Bile Duct','6.4','5.8','7.1','427','5690479'
'2010','Tennessee','Liver and Intrahepatic Bile Duct','6.4','5.9','7.1','474','6355301'
'2010','Ohio','Liver and Intrahepatic Bile Duct','6.4','6','6.8','885','11539327'
'2010','Mississippi','Liver and Intrahepatic Bile Duct','6.4','5.5','7.3','213','2970536'
'2010','Virginia','Liver and Intrahepatic Bile Duct','6.7','6.2','7.3','592','8023680'
'2010','Vermont','Liver and Intrahepatic Bile Duct','6.8','5.1','9','54','625880'
'2010','Rhode Island','Liver and Intrahepatic Bile Duct','6.7','5.4','8.4','87','1053938'
'2010','North Carolina','Liver and Intrahepatic Bile Duct','6.7','6.2','7.2','714','9574293'
'2010','New Jersey','Liver and Intrahepatic Bile Duct','6.9','6.4','7.5','712','8799624'
'2010','Michigan','Liver and Intrahepatic Bile Duct','6.6','6.1','7','782','9877535'
'2010','Kentucky','Liver and Intrahepatic Bile Duct','6.6','5.9','7.4','329','4348200'
'2010','Arizona','Liver and Intrahepatic Bile Duct','7.2','6.6','7.8','515','6407774'
'2010','Washington','Liver and Intrahepatic Bile Duct','7.7','7.1','8.4','595','6742902'
'2010','South Carolina','Liver and Intrahepatic Bile Duct','7.1','6.4','7.9','377','4635656'
'2010','Pennsylvania','Liver and Intrahepatic Bile Duct','7.3','6.9','7.7','1174','12711158'
'2010','Missouri','Liver and Intrahepatic Bile Duct','7.3','6.6','7.9','518','5995976'
'2010','Massachusetts','Liver and Intrahepatic Bile Duct','7.7','7.1','8.3','595','6566431'
'2010','Maryland','Liver and Intrahepatic Bile Duct','7.1','6.4','7.8','462','5788642'
'2010','Illinois','Liver and Intrahepatic Bile Duct','7.4','6.9','7.9','1026','12840762'
'2010','Florida','Liver and Intrahepatic Bile Duct','7.1','6.8','7.5','1772','18845785'
'2010','Colorado','Liver and Intrahepatic Bile Duct','7.4','6.7','8.2','393','5048281'
'2010','California','Liver and Intrahepatic Bile Duct','9.6','9.3','10','3686','37320903'
'2010','Alaska','Liver and Intrahepatic Bile Duct','8.7','6.3','11.6','56','713906'
'2011','District of Columbia','Liver and Intrahepatic Bile Duct','16.5','13.5','20.1','105','619602'
'2011','California','Liver and Intrahepatic Bile Duct','9.6','9.3','9.9','3789','37641823'
'2011','Arizona','Liver and Intrahepatic Bile Duct','8.1','7.4','8.7','602','6473497'
'2011','Washington','Liver and Intrahepatic Bile Duct','8.9','8.2','9.6','681','6821655'
'2011','Texas','Liver and Intrahepatic Bile Duct','11','10.6','11.4','2761','25646227'
'2011','Oregon','Liver and Intrahepatic Bile Duct','8.1','7.3','9','393','3871728'
'2011','Rhode Island','Liver and Intrahepatic Bile Duct','8.6','7','10.4','113','1053536'
'2011','New Mexico','Liver and Intrahepatic Bile Duct','8.9','7.7','10.2','217','2080395'
'2011','New York','Liver and Intrahepatic Bile Duct','8.4','8','8.8','1905','19498514'
'2011','Louisiana','Liver and Intrahepatic Bile Duct','7.8','7.1','8.6','411','4575184'
'2011','Hawaii','Liver and Intrahepatic Bile Duct','10.7','9.1','12.4','177','1379252'
'2011','Wyoming','Liver and Intrahepatic Bile Duct','5.2','3.5','7.4','33','567224'
'2011','West Virginia','Liver and Intrahepatic Bile Duct','6','5.1','7.1','152','1856074'
'2011','Arkansas','Liver and Intrahepatic Bile Duct','6','5.2','6.9','211','2940407'
'2011','Virginia','Liver and Intrahepatic Bile Duct','5.8','5.3','6.3','531','8100469'
'2011','Vermont','Liver and Intrahepatic Bile Duct','4.7','3.3','6.5','40','626979'
'2011','South Dakota','Liver and Intrahepatic Bile Duct','5.9','4.4','7.7','55','823484'
'2011','North Dakota','Liver and Intrahepatic Bile Duct','3.4','2.2','5','27','685136'
'2011','New Hampshire','Liver and Intrahepatic Bile Duct','5.3','4.2','6.6','92','1319815'
'2011','Nebraska','Liver and Intrahepatic Bile Duct','5.7','4.7','6.9','117','1840538'
'2011','Montana','Liver and Intrahepatic Bile Duct','4.6','3.5','6','62','997221'
'2011','Minnesota','Liver and Intrahepatic Bile Duct','4.4','3.9','5','269','5345668'
'2011','Maine','Liver and Intrahepatic Bile Duct','5.5','4.4','6.7','100','1328150'
'2011','Kansas','Liver and Intrahepatic Bile Duct','5.5','4.8','6.4','181','2869035'
'2011','Iowa','Liver and Intrahepatic Bile Duct','6.2','5.5','7.1','238','3066054'
'2011','Idaho','Liver and Intrahepatic Bile Duct','5.8','4.8','7.1','103','1583828'
'2011','Nevada','Liver and Intrahepatic Bile Duct','6.2','5.3','7.2','183','2712799'
'2011','Wisconsin','Liver and Intrahepatic Bile Duct','6.4','5.8','7','431','5704755'
'2011','Ohio','Liver and Intrahepatic Bile Duct','6.4','5.9','6.8','898','11543463'
'2011','Michigan','Liver and Intrahepatic Bile Duct','6.5','6','6.9','778','9881521'
'2011','Indiana','Liver and Intrahepatic Bile Duct','6.5','5.9','7.1','487','6516045'
'2011','Georgia','Liver and Intrahepatic Bile Duct','6.9','6.4','7.5','698','9801578'
'2011','Colorado','Liver and Intrahepatic Bile Duct','6.7','6','7.5','374','5121771'
'2011','Utah','Liver and Intrahepatic Bile Duct','6.6','5.6','7.7','156','2814216'
'2011','South Carolina','Liver and Intrahepatic Bile Duct','6.6','5.9','7.3','367','4671422'
'2011','Oklahoma','Liver and Intrahepatic Bile Duct','6.9','6.2','7.8','304','3787821'
'2011','Kentucky','Liver and Intrahepatic Bile Duct','6.9','6.2','7.7','360','4369488'
'2011','Illinois','Liver and Intrahepatic Bile Duct','6.8','6.4','7.3','980','12867291'
'2011','Florida','Liver and Intrahepatic Bile Duct','7.4','7','7.7','1890','19093352'
'2011','Delaware','Liver and Intrahepatic Bile Duct','7.7','6.2','9.6','87','907316'
'2011','Connecticut','Liver and Intrahepatic Bile Duct','7.6','6.7','8.4','329','3588023'
'2011','Alaska','Liver and Intrahepatic Bile Duct','7.6','5.6','10.2','56','722038'
'2011','Alabama','Liver and Intrahepatic Bile Duct','7','6.3','7.8','397','4798834'
'2011','Tennessee','Liver and Intrahepatic Bile Duct','7.5','6.9','8.2','572','6397410'
'2011','Pennsylvania','Liver and Intrahepatic Bile Duct','7.4','7','7.9','1229','12744583'
'2011','North Carolina','Liver and Intrahepatic Bile Duct','7.6','7.1','8.1','848','9656754'
'2011','New Jersey','Liver and Intrahepatic Bile Duct','7.2','6.7','7.8','755','8827783'
'2011','Mississippi','Liver and Intrahepatic Bile Duct','7.2','6.3','8.1','242','2978470'
'2011','Missouri','Liver and Intrahepatic Bile Duct','7.5','6.8','8.1','545','6009641'
'2011','Massachusetts','Liver and Intrahepatic Bile Duct','7.5','6.9','8.1','590','6613149'
'2011','Maryland','Liver and Intrahepatic Bile Duct','7.5','6.8','8.2','498','5838991'
'2012','Georgia','Liver and Intrahepatic Bile Duct','7.9','7.3','8.4','810','9901496'
'2012','Delaware','Liver and Intrahepatic Bile Duct','7.8','6.3','9.6','92','915188'
'2012','District of Columbia','Liver and Intrahepatic Bile Duct','14.6','11.8','18','95','634725'
'2012','Connecticut','Liver and Intrahepatic Bile Duct','8','7.1','8.9','355','3594395'
'2012','California','Liver and Intrahepatic Bile Duct','9.7','9.4','10','3913','37960782'
'2012','Alaska','Liver and Intrahepatic Bile Duct','9.2','7','11.9','68','730399'
'2012','Arizona','Liver and Intrahepatic Bile Duct','8.1','7.4','8.7','628','6556629'
'2012','Louisiana','Liver and Intrahepatic Bile Duct','9.4','8.6','10.3','501','4600814'
'2012','Hawaii','Liver and Intrahepatic Bile Duct','11.6','10','13.3','199','1394905'
'2012','Washington','Liver and Intrahepatic Bile Duct','9.1','8.4','9.8','741','6892876'
'2012','Texas','Liver and Intrahepatic Bile Duct','11.1','10.7','11.5','2901','26089620'
'2012','Oregon','Liver and Intrahepatic Bile Duct','9.2','8.3','10.1','460','3899118'
'2012','Rhode Island','Liver and Intrahepatic Bile Duct','7.8','6.3','9.5','102','1054601'
'2012','New Mexico','Liver and Intrahepatic Bile Duct','9.4','8.2','10.7','233','2087549'
'2012','New York','Liver and Intrahepatic Bile Duct','8.8','8.4','9.2','2047','19574549'
'2012','Mississippi','Liver and Intrahepatic Bile Duct','7.9','6.9','8.9','271','2983767'
'2012','Massachusetts','Liver and Intrahepatic Bile Duct','8.5','7.9','9.2','689','6663158'
'2012','Maryland','Liver and Intrahepatic Bile Duct','8.2','7.5','8.9','559','5887072'
'2012','Maine','Liver and Intrahepatic Bile Duct','5.7','4.6','7','101','1327691'
'2012','Idaho','Liver and Intrahepatic Bile Duct','6','4.9','7.2','108','1595441'
'2012','Wyoming','Liver and Intrahepatic Bile Duct','5','3.5','7.1','35','576270'
'2012','West Virginia','Liver and Intrahepatic Bile Duct','5.4','4.5','6.4','136','1856764'
'2012','Vermont','Liver and Intrahepatic Bile Duct','6.2','4.6','8.3','52','626063'
'2012','Virginia','Liver and Intrahepatic Bile Duct','6.2','5.7','6.7','583','8185229'
'2012','Utah','Liver and Intrahepatic Bile Duct','5.4','4.5','6.5','133','2853467'
'2012','South Dakota','Liver and Intrahepatic Bile Duct','5.2','3.9','6.9','53','833496'
'2012','North Dakota','Liver and Intrahepatic Bile Duct','3.9','2.7','5.4','34','701116'
'2012','Nebraska','Liver and Intrahepatic Bile Duct','5.6','4.6','6.7','123','1853323'
'2012','Montana','Liver and Intrahepatic Bile Duct','5','3.9','6.5','66','1003754'
'2012','New Hampshire','Liver and Intrahepatic Bile Duct','6.2','5','7.6','105','1323962'
'2012','Minnesota','Liver and Intrahepatic Bile Duct','6.3','5.7','7','402','5376550'
'2012','Iowa','Liver and Intrahepatic Bile Duct','6.3','5.6','7.2','242','3076097'
'2012','Alabama','Liver and Intrahepatic Bile Duct','6.9','6.2','7.6','399','4815564'
'2012','Kansas','Liver and Intrahepatic Bile Duct','6.9','6','7.8','230','2885361'
'2012','Wisconsin','Liver and Intrahepatic Bile Duct','6.5','5.9','7.1','447','5719855'
'2012','Ohio','Liver and Intrahepatic Bile Duct','6.7','6.3','7.2','974','11548369'
'2012','Nevada','Liver and Intrahepatic Bile Duct','6.6','5.7','7.6','211','2744566'
'2012','Michigan','Liver and Intrahepatic Bile Duct','6.9','6.4','7.4','866','9896930'
'2012','Florida','Liver and Intrahepatic Bile Duct','7.4','7','7.7','1937','19326230'
'2012','Colorado','Liver and Intrahepatic Bile Duct','7.1','6.4','7.9','406','5193721'
'2012','Arkansas','Liver and Intrahepatic Bile Duct','7.3','6.4','8.3','260','2952109'
'2012','Kentucky','Liver and Intrahepatic Bile Duct','7.6','6.9','8.5','396','4386381'
'2012','Indiana','Liver and Intrahepatic Bile Duct','7','6.4','7.7','546','6537640'
'2012','Illinois','Liver and Intrahepatic Bile Duct','7.3','6.8','7.7','1068','12884119'
'2012','South Carolina','Liver and Intrahepatic Bile Duct','7.6','6.9','8.4','439','4717112'
'2012','Tennessee','Liver and Intrahepatic Bile Duct','7.1','6.5','7.7','549','6451281'
'2012','Pennsylvania','Liver and Intrahepatic Bile Duct','7.7','7.2','8.1','1285','12766827'
'2012','Oklahoma','Liver and Intrahepatic Bile Duct','7.4','6.6','8.2','333','3818600'
'2012','North Carolina','Liver and Intrahepatic Bile Duct','7.7','7.1','8.2','881','9749123'
'2012','New Jersey','Liver and Intrahepatic Bile Duct','7.6','7.1','8.2','807','8845483'
'2012','Missouri','Liver and Intrahepatic Bile Duct','7.6','7','8.3','558','6024081'
'2013','New York','Liver and Intrahepatic Bile Duct','9','8.6','9.4','2125','19628043'
'2013','North Carolina','Liver and Intrahepatic Bile Duct','8.5','8','9.1','1002','9843599'
'2013','New Mexico','Liver and Intrahepatic Bile Duct','11.1','9.8','12.5','279','2092792'
'2013','Pennsylvania','Liver and Intrahepatic Bile Duct','8.1','7.7','8.5','1376','12776621'
'2013','Rhode Island','Liver and Intrahepatic Bile Duct','9.4','7.8','11.2','124','1055122'
'2013','Oregon','Liver and Intrahepatic Bile Duct','8.4','7.7','9.3','444','3922908'
'2013','Alaska','Liver and Intrahepatic Bile Duct','9.8','7.4','12.6','68','737045'
'2013','Washington','Liver and Intrahepatic Bile Duct','9.1','8.4','9.7','752','6962906'
'2013','Tennessee','Liver and Intrahepatic Bile Duct','8','7.4','8.6','638','6493432'
'2013','Texas','Liver and Intrahepatic Bile Duct','11.3','10.9','11.7','3054','26489464'
'2013','Nebraska','Liver and Intrahepatic Bile Duct','5.8','4.8','7','125','1865414'
'2013','Montana','Liver and Intrahepatic Bile Duct','5.8','4.6','7.3','82','1013564'
'2013','Maine','Liver and Intrahepatic Bile Duct','5.4','4.4','6.6','103','1328196'
'2013','Kansas','Liver and Intrahepatic Bile Duct','6.2','5.4','7.1','215','2893510'
'2013','Idaho','Liver and Intrahepatic Bile Duct','5.7','4.6','6.9','109','1611530'
'2013','North Dakota','Liver and Intrahepatic Bile Duct','3.1','2.1','4.6','29','721999'
'2013','New Hampshire','Liver and Intrahepatic Bile Duct','5.7','4.6','7','102','1326408'
'2013','Wyoming','Liver and Intrahepatic Bile Duct','4.9','3.4','6.9','37','582123'
'2013','Vermont','Liver and Intrahepatic Bile Duct','5.7','4.2','7.6','50','626212'
'2013','Utah','Liver and Intrahepatic Bile Duct','5.9','4.9','6.9','148','2897927'
'2013','Iowa','Liver and Intrahepatic Bile Duct','6.4','5.6','7.2','247','3093078'
'2013','Virginia','Liver and Intrahepatic Bile Duct','6.5','6','7','628','8253053'
'2013','Minnesota','Liver and Intrahepatic Bile Duct','6.8','6.1','7.5','437','5413693'
'2013','Michigan','Liver and Intrahepatic Bile Duct','6.8','6.3','7.2','862','9913349'
'2013','Colorado','Liver and Intrahepatic Bile Duct','6.8','6.1','7.5','396','5270482'
'2013','Arkansas','Liver and Intrahepatic Bile Duct','6.7','5.8','7.6','246','2959549'
'2013','Ohio','Liver and Intrahepatic Bile Duct','6.9','6.5','7.3','1005','11576576'
'2013','South Dakota','Liver and Intrahepatic Bile Duct','6.7','5.1','8.6','66','842270'
'2013','South Carolina','Liver and Intrahepatic Bile Duct','6.7','6','7.4','400','4764153'
'2013','Wisconsin','Liver and Intrahepatic Bile Duct','6.6','6','7.3','474','5736952'
'2013','Missouri','Liver and Intrahepatic Bile Duct','7.5','6.8','8.1','563','6040658'
'2013','Illinois','Liver and Intrahepatic Bile Duct','7.2','6.8','7.7','1069','12898269'
'2013','Indiana','Liver and Intrahepatic Bile Duct','7.1','6.5','7.7','553','6568367'
'2013','Florida','Liver and Intrahepatic Bile Duct','7.6','7.3','7.9','2065','19563166'
'2013','Connecticut','Liver and Intrahepatic Bile Duct','7.6','6.8','8.5','358','3594915'
'2013','Oklahoma','Liver and Intrahepatic Bile Duct','7.7','6.9','8.6','352','3853205'
'2013','New Jersey','Liver and Intrahepatic Bile Duct','7.7','7.2','8.2','827','8858362'
'2013','Nevada','Liver and Intrahepatic Bile Duct','7.2','6.2','8.2','232','2776972'
'2013','Alabama','Liver and Intrahepatic Bile Duct','7.5','6.8','8.3','453','4830460'
'2013','West Virginia','Liver and Intrahepatic Bile Duct','7','6','8.1','181','1853873'
'2013','Mississippi','Liver and Intrahepatic Bile Duct','8','7','9','283','2988797'
'2013','Maryland','Liver and Intrahepatic Bile Duct','9.1','8.4','9.8','632','5923704'
'2013','Massachusetts','Liver and Intrahepatic Bile Duct','8','7.4','8.6','658','6713944'
'2013','Kentucky','Liver and Intrahepatic Bile Duct','8.5','7.7','9.3','454','4404817'
'2013','Louisiana','Liver and Intrahepatic Bile Duct','9','8.2','9.8','490','4624577'
'2013','Hawaii','Liver and Intrahepatic Bile Duct','12.2','10.5','14','214','1408453'
'2013','District of Columbia','Liver and Intrahepatic Bile Duct','11.9','9.4','14.9','81','650431'
'2013','Georgia','Liver and Intrahepatic Bile Duct','7.7','7.2','8.3','842','9973326'
'2013','Delaware','Liver and Intrahepatic Bile Duct','10.3','8.5','12.3','124','923638'
'2013','California','Liver and Intrahepatic Bile Duct','10','9.7','10.3','4141','38280824'
'2013','Arizona','Liver and Intrahepatic Bile Duct','7.8','7.2','8.5','630','6634999'
'2014','Washington','Liver and Intrahepatic Bile Duct','8.8','8.2','9.5','753','7052439'
'2014','Texas','Liver and Intrahepatic Bile Duct','12','11.6','12.4','3336','26977142'
'2014','Tennessee','Liver and Intrahepatic Bile Duct','8','7.4','8.6','664','6540826'
'2014','South Carolina','Liver and Intrahepatic Bile Duct','8.5','7.8','9.3','528','4823793'
'2014','Pennsylvania','Liver and Intrahepatic Bile Duct','8.4','7.9','8.8','1442','12789101'
'2014','Rhode Island','Liver and Intrahepatic Bile Duct','8.4','6.9','10.1','116','1056017'
'2014','Oregon','Liver and Intrahepatic Bile Duct','9.6','8.8','10.5','512','3964106'
'2014','Oklahoma','Liver and Intrahepatic Bile Duct','8.9','8.1','9.8','417','3878367'
'2014','New York','Liver and Intrahepatic Bile Duct','9.1','8.8','9.5','2210','19656330'
'2014','North Carolina','Liver and Intrahepatic Bile Duct','8.5','7.9','9','1021','9933944'
'2014','New Mexico','Liver and Intrahepatic Bile Duct','9.7','8.5','11','251','2090342'
'2014','Mississippi','Liver and Intrahepatic Bile Duct','8.5','7.6','9.5','305','2990623'
'2014','Maryland','Liver and Intrahepatic Bile Duct','8.7','8','9.4','626','5958165'
'2014','Massachusetts','Liver and Intrahepatic Bile Duct','8','7.4','8.6','675','6763652'
'2014','Kentucky','Liver and Intrahepatic Bile Duct','9.2','8.4','10','501','4414483'
'2014','Louisiana','Liver and Intrahepatic Bile Duct','9.9','9.1','10.8','562','4644204'
'2014','Hawaii','Liver and Intrahepatic Bile Duct','11.5','9.9','13.2','206','1414862'
'2014','Idaho','Liver and Intrahepatic Bile Duct','8','6.8','9.4','157','1631479'
'2014','District of Columbia','Liver and Intrahepatic Bile Duct','11.7','9.3','14.5','83','662513'
'2014','Florida','Liver and Intrahepatic Bile Duct','7.9','7.6','8.2','2215','19860330'
'2014','Georgia','Liver and Intrahepatic Bile Duct','8.1','7.6','8.7','900','10069001'
'2014','Wyoming','Liver and Intrahepatic Bile Duct','5.5','3.9','7.5','42','582548'
'2014','Vermont','Liver and Intrahepatic Bile Duct','5.1','3.7','6.9','45','625218'
'2014','South Dakota','Liver and Intrahepatic Bile Duct','5.9','4.5','7.7','60','849088'
'2014','North Dakota','Liver and Intrahepatic Bile Duct','5.2','3.7','7','44','737382'
'2014','New Hampshire','Liver and Intrahepatic Bile Duct','5.5','4.4','6.7','99','1333223'
'2014','Nebraska','Liver and Intrahepatic Bile Duct','4.6','3.7','5.6','102','1879522'
'2014','Maine','Liver and Intrahepatic Bile Duct','5.7','4.6','6.9','111','1330760'
'2014','Kansas','Liver and Intrahepatic Bile Duct','6.1','5.3','7','213','2900896'
'2014','Minnesota','Liver and Intrahepatic Bile Duct','6.3','5.7','6.9','412','5451522'
'2014','Utah','Liver and Intrahepatic Bile Duct','6.7','5.7','7.8','170','2937399'
'2014','Ohio','Liver and Intrahepatic Bile Duct','6.9','6.5','7.3','1025','11602973'
'2014','Nevada','Liver and Intrahepatic Bile Duct','6.8','5.9','7.8','225','2819012'
'2014','Iowa','Liver and Intrahepatic Bile Duct','6.5','5.7','7.4','256','3109504'
'2014','Arkansas','Liver and Intrahepatic Bile Duct','7.4','6.5','8.4','270','2967726'
'2014','Alabama','Liver and Intrahepatic Bile Duct','7.2','6.5','7.9','443','4842481'
'2014','Wisconsin','Liver and Intrahepatic Bile Duct','7.2','6.6','7.9','517','5751974'
'2014','West Virginia','Liver and Intrahepatic Bile Duct','7','6','8.2','185','1849467'
'2014','Virginia','Liver and Intrahepatic Bile Duct','7.3','6.8','7.9','728','8312076'
'2014','New Jersey','Liver and Intrahepatic Bile Duct','7.7','7.1','8.2','846','8866780'
'2014','Missouri','Liver and Intrahepatic Bile Duct','7.6','6.9','8.2','584','6056293'
'2014','Montana','Liver and Intrahepatic Bile Duct','7.1','5.7','8.8','98','1021891'
'2014','Michigan','Liver and Intrahepatic Bile Duct','7','6.5','7.5','895','9930589'
'2014','Illinois','Liver and Intrahepatic Bile Duct','7.7','7.2','8.1','1172','12888962'
'2014','Indiana','Liver and Intrahepatic Bile Duct','7.5','6.9','8.1','593','6593533'
'2014','Colorado','Liver and Intrahepatic Bile Duct','8','7.3','8.8','488','5351218'
'2014','Connecticut','Liver and Intrahepatic Bile Duct','8.4','7.6','9.3','393','3594783'
'2014','Delaware','Liver and Intrahepatic Bile Duct','8.6','7','10.4','104','932596'
'2014','California','Liver and Intrahepatic Bile Duct','10.4','10.1','10.7','4452','38625139'
'2014','Alaska','Liver and Intrahepatic Bile Duct','9.2','6.9','11.9','65','736307'
'2014','Arizona','Liver and Intrahepatic Bile Duct','8.1','7.5','8.8','668','6733840'
'2015','Washington','Liver and Intrahepatic Bile Duct','9.2','8.5','9.8','803','7163543'
'2015','Virginia','Liver and Intrahepatic Bile Duct','8.3','7.7','8.9','834','8362907'
'2015','Tennessee','Liver and Intrahepatic Bile Duct','8.7','8.1','9.4','731','6590808'
'2015','Texas','Liver and Intrahepatic Bile Duct','11.9','11.5','12.3','3407','27486814'
'2015','Rhode Island','Liver and Intrahepatic Bile Duct','8.5','6.9','10.2','114','1056173'
'2015','South Carolina','Liver and Intrahepatic Bile Duct','8.3','7.6','9.1','544','4892253'
'2015','South Dakota','Liver and Intrahepatic Bile Duct','8.6','6.9','10.7','87','853933'
'2015','Oklahoma','Liver and Intrahepatic Bile Duct','8.5','7.7','9.4','403','3909831'
'2015','Oregon','Liver and Intrahepatic Bile Duct','9.8','9','10.7','529','4016918'
'2015','Pennsylvania','Liver and Intrahepatic Bile Duct','9','8.5','9.5','1559','12785759'
'2015','New York','Liver and Intrahepatic Bile Duct','9','8.6','9.4','2200','19661411'
'2015','North Carolina','Liver and Intrahepatic Bile Duct','8.7','8.2','9.2','1087','10033079'
'2015','New Mexico','Liver and Intrahepatic Bile Duct','11.6','10.3','13','301','2090211'
'2015','New Jersey','Liver and Intrahepatic Bile Duct','7.8','7.3','8.4','879','8870869'
'2015','Minnesota','Liver and Intrahepatic Bile Duct','8.1','7.4','8.8','536','5482503'
'2015','Mississippi','Liver and Intrahepatic Bile Duct','9.1','8.2','10.2','331','2988693'
'2015','Massachusetts','Liver and Intrahepatic Bile Duct','7.9','7.3','8.5','691','6795891'
'2015','Maryland','Liver and Intrahepatic Bile Duct','8.3','7.6','9','610','5986717'
'2015','Kentucky','Liver and Intrahepatic Bile Duct','8.8','8','9.7','492','4425999'
'2015','Louisiana','Liver and Intrahepatic Bile Duct','10.5','9.6','11.4','606','4664851'
'2015','Hawaii','Liver and Intrahepatic Bile Duct','11.3','9.8','13','214','1422484'
'2015','Idaho','Liver and Intrahepatic Bile Duct','8','6.8','9.4','162','1651523'
'2015','Illinois','Liver and Intrahepatic Bile Duct','8','7.6','8.5','1232','12864342'
'2015','Florida','Liver and Intrahepatic Bile Duct','8.3','7.9','8.6','2391','20224249'
'2015','Georgia','Liver and Intrahepatic Bile Duct','8.4','7.8','8.9','947','10181111'
'2015','Connecticut','Liver and Intrahepatic Bile Duct','8.4','7.6','9.3','408','3587509'
'2015','Delaware','Liver and Intrahepatic Bile Duct','7.8','6.3','9.5','100','941413'
'2015','District of Columbia','Liver and Intrahepatic Bile Duct','13.6','11','16.7','98','675254'
'2015','California','Liver and Intrahepatic Bile Duct','10.2','9.8','10.5','4455','38953142'
'2015','Arizona','Liver and Intrahepatic Bile Duct','8.1','7.5','8.7','696','6833596'
'2015','Alaska','Liver and Intrahepatic Bile Duct','8.5','6.4','11','67','737547'
'2015','Vermont','Liver and Intrahepatic Bile Duct','5.3','3.8','7.2','44','625197'
'2015','North Dakota','Liver and Intrahepatic Bile Duct','3.4','2.3','5','29','754022'
'2015','Nevada','Liver and Intrahepatic Bile Duct','6','5.2','6.9','211','2868666'
'2015','Nebraska','Liver and Intrahepatic Bile Duct','5.9','5','7.1','137','1891507'
'2015','Maine','Liver and Intrahepatic Bile Duct','5.7','4.7','6.9','116','1328484'
'2015','New Hampshire','Liver and Intrahepatic Bile Duct','6.6','5.4','8','122','1336294'
'2015','Montana','Liver and Intrahepatic Bile Duct','6.6','5.3','8.2','93','1030503'
'2015','Iowa','Liver and Intrahepatic Bile Duct','6.6','5.8','7.4','258','3121460'
'2015','Kansas','Liver and Intrahepatic Bile Duct','6.8','6','7.8','241','2909502'
'2015','Wyoming','Liver and Intrahepatic Bile Duct','7.7','5.8','10','61','585668'
'2015','Wisconsin','Liver and Intrahepatic Bile Duct','7.5','6.8','8.1','551','5761406'
'2015','West Virginia','Liver and Intrahepatic Bile Duct','7.6','6.6','8.8','205','1841996'
'2015','Utah','Liver and Intrahepatic Bile Duct','7.1','6.1','8.2','191','2982497'
'2015','Ohio','Liver and Intrahepatic Bile Duct','7.5','7','7.9','1125','11617850'
'2015','Missouri','Liver and Intrahepatic Bile Duct','7.7','7.1','8.3','603','6071745'
'2015','Michigan','Liver and Intrahepatic Bile Duct','7.1','6.7','7.6','924','9932573'
'2015','Indiana','Liver and Intrahepatic Bile Duct','7.1','6.5','7.7','581','6608296'
'2015','Colorado','Liver and Intrahepatic Bile Duct','7.5','6.8','8.3','473','5452107'
'2015','Arkansas','Liver and Intrahepatic Bile Duct','7.7','6.8','8.7','288','2978407'
'2015','Alabama','Liver and Intrahepatic Bile Duct','7.7','7.1','8.5','481','4853160'
'2016','California','Liver and Intrahepatic Bile Duct','9.5','9.2','9.8','4296','39209127'
'2016','Arkansas','Liver and Intrahepatic Bile Duct','9.2','8.3','10.3','353','2990410'
'2016','Arizona','Liver and Intrahepatic Bile Duct','8.1','7.5','8.7','717','6945452'
'2016','Alabama','Liver and Intrahepatic Bile Duct','8.4','7.7','9.2','528','4864745'
'2016','Alaska','Liver and Intrahepatic Bile Duct','9.3','7.1','11.9','71','741504'
'2016','Wyoming','Liver and Intrahepatic Bile Duct','5.8','4.2','8','44','584290'
'2016','Utah','Liver and Intrahepatic Bile Duct','5.8','5','6.8','160','3042613'
'2016','Vermont','Liver and Intrahepatic Bile Duct','5.6','4.1','7.6','47','623644'
'2016','North Dakota','Liver and Intrahepatic Bile Duct','5.3','3.8','7.2','45','754353'
'2016','Montana','Liver and Intrahepatic Bile Duct','6','4.8','7.5','91','1040863'
'2016','Nebraska','Liver and Intrahepatic Bile Duct','6','5','7.1','140','1905924'
'2016','Maine','Liver and Intrahepatic Bile Duct','5.4','4.4','6.5','109','1331370'
'2016','West Virginia','Liver and Intrahepatic Bile Duct','7.4','6.4','8.6','195','1830929'
'2016','Virginia','Liver and Intrahepatic Bile Duct','7.3','6.8','7.9','762','8410946'
'2016','South Dakota','Liver and Intrahepatic Bile Duct','7.2','5.7','9.1','77','862890'
'2016','Ohio','Liver and Intrahepatic Bile Duct','7.5','7','7.9','1154','11635003'
'2016','Minnesota','Liver and Intrahepatic Bile Duct','7.6','6.9','8.3','523','5523409'
'2016','Michigan','Liver and Intrahepatic Bile Duct','7.2','6.7','7.7','968','9951890'
'2016','Kansas','Liver and Intrahepatic Bile Duct','7.5','6.6','8.5','272','2911263'
'2016','Iowa','Liver and Intrahepatic Bile Duct','7.1','6.3','8','292','3131785'
'2016','Indiana','Liver and Intrahepatic Bile Duct','7.5','6.9','8.1','621','6633344'
'2016','Connecticut','Liver and Intrahepatic Bile Duct','7.3','6.5','8.1','353','3578674'
'2016','Colorado','Liver and Intrahepatic Bile Duct','7.1','6.5','7.9','460','5540921'
'2016','Wisconsin','Liver and Intrahepatic Bile Duct','7.8','7.2','8.5','583','5772958'
'2016','Washington','Liver and Intrahepatic Bile Duct','9.3','8.7','10','861','7294680'
'2016','Texas','Liver and Intrahepatic Bile Duct','11.7','11.3','12.1','3446','27937492'
'2016','Tennessee','Liver and Intrahepatic Bile Duct','8.6','8','9.2','733','6645011'
'2016','South Carolina','Liver and Intrahepatic Bile Duct','8.1','7.4','8.8','544','4958235'
'2016','Pennsylvania','Liver and Intrahepatic Bile Duct','8.6','8.1','9','1516','12783538'
'2016','Rhode Island','Liver and Intrahepatic Bile Duct','8.8','7.3','10.6','124','1057063'
'2016','Oregon','Liver and Intrahepatic Bile Duct','8.9','8.1','9.7','502','4091404'
'2016','Oklahoma','Liver and Intrahepatic Bile Duct','8','7.2','8.8','384','3926769'
'2016','New York','Liver and Intrahepatic Bile Duct','9.3','8.9','9.7','2318','19641589'
'2016','North Carolina','Liver and Intrahepatic Bile Duct','8.4','7.9','8.9','1090','10156679'
'2016','New Mexico','Liver and Intrahepatic Bile Duct','10.7','9.5','12.1','284','2092789'
'2016','Nevada','Liver and Intrahepatic Bile Duct','7.8','6.9','8.8','274','2919772'
'2016','New Hampshire','Liver and Intrahepatic Bile Duct','7.7','6.5','9.2','145','1342373'
'2016','New Jersey','Liver and Intrahepatic Bile Duct','8.1','7.6','8.6','911','8874516'
'2016','Missouri','Liver and Intrahepatic Bile Duct','8.1','7.4','8.7','641','6087203'
'2016','Mississippi','Liver and Intrahepatic Bile Duct','8.1','7.2','9.1','306','2988298'
'2016','Maryland','Liver and Intrahepatic Bile Duct','9.4','8.7','10.2','710','6004692'
'2016','Massachusetts','Liver and Intrahepatic Bile Duct','8.8','8.1','9.4','764','6826022'
'2016','Kentucky','Liver and Intrahepatic Bile Duct','7.9','7.2','8.7','451','4438229'
'2016','Louisiana','Liver and Intrahepatic Bile Duct','10.7','9.9','11.6','617','4678215'
'2016','Illinois','Liver and Intrahepatic Bile Duct','7.8','7.4','8.3','1239','12826895'
'2016','Idaho','Liver and Intrahepatic Bile Duct','7.8','6.6','9.2','156','1682930'
'2016','Hawaii','Liver and Intrahepatic Bile Duct','10.8','9.4','12.5','207','1428105'
'2016','Georgia','Liver and Intrahepatic Bile Duct','8.7','8.1','9.2','1031','10304763'
'2016','District of Columbia','Liver and Intrahepatic Bile Duct','11.6','9.2','14.5','82','686575'
'2016','Florida','Liver and Intrahepatic Bile Duct','7.8','7.5','8.1','2354','20629982'
'2016','Delaware','Liver and Intrahepatic Bile Duct','9.6','7.9','11.5','127','949216'
'2017','Texas','Liver and Intrahepatic Bile Duct','11.9','11.5','12.3','3572','28322717'
'2017','Pennsylvania','Liver and Intrahepatic Bile Duct','8.6','8.2','9.1','1551','12790447'
'2017','South Carolina','Liver and Intrahepatic Bile Duct','8.3','7.6','9','559','5021219'
'2017','Oklahoma','Liver and Intrahepatic Bile Duct','8.3','7.5','9.2','413','3932640'
'2017','Oregon','Liver and Intrahepatic Bile Duct','9.1','8.3','9.9','517','4146592'
'2017','New York','Liver and Intrahepatic Bile Duct','9','8.7','9.4','2268','19590719'
'2017','North Carolina','Liver and Intrahepatic Bile Duct','8.6','8.1','9.1','1126','10270800'
'2017','New Mexico','Liver and Intrahepatic Bile Duct','8.9','7.8','10.2','243','2093395'
'2017','Missouri','Liver and Intrahepatic Bile Duct','7.9','7.3','8.6','641','6108612'
'2017','Mississippi','Liver and Intrahepatic Bile Duct','9.6','8.7','10.7','364','2989663'
'2017','Minnesota','Liver and Intrahepatic Bile Duct','7.9','7.2','8.6','538','5568155'
'2017','Maryland','Liver and Intrahepatic Bile Duct','8.4','7.7','9.1','641','6024891'
'2017','Massachusetts','Liver and Intrahepatic Bile Duct','8.1','7.5','8.7','714','6863246'
'2017','Kentucky','Liver and Intrahepatic Bile Duct','8.1','7.3','8.9','462','4453874'
'2017','Louisiana','Liver and Intrahepatic Bile Duct','9.7','8.9','10.5','584','4670818'
'2017','Hawaii','Liver and Intrahepatic Bile Duct','10.2','8.8','11.9','195','1424203'
'2017','District of Columbia','Liver and Intrahepatic Bile Duct','10.4','8.2','13.2','75','695691'
'2017','Georgia','Liver and Intrahepatic Bile Duct','8','7.5','8.5','961','10413055'
'2017','Delaware','Liver and Intrahepatic Bile Duct','8.4','6.9','10.1','115','957078'
'2017','Vermont','Liver and Intrahepatic Bile Duct','5.8','4.3','7.8','52','624525'
'2017','Utah','Liver and Intrahepatic Bile Duct','5.5','4.7','6.5','156','3103118'
'2017','North Dakota','Liver and Intrahepatic Bile Duct','5.6','4.1','7.5','50','755176'
'2017','New Hampshire','Liver and Intrahepatic Bile Duct','5.6','4.6','6.9','105','1349767'
'2017','Nebraska','Liver and Intrahepatic Bile Duct','5.8','4.8','6.8','142','1917575'
'2017','Maine','Liver and Intrahepatic Bile Duct','5.6','4.6','6.7','116','1335063'
'2017','Wisconsin','Liver and Intrahepatic Bile Duct','6.5','5.9','7.1','496','5792051'
'2017','South Dakota','Liver and Intrahepatic Bile Duct','6.4','4.9','8.2','68','873286'
'2017','Wyoming','Liver and Intrahepatic Bile Duct','6.7','4.9','9','50','578934'
'2017','Indiana','Liver and Intrahepatic Bile Duct','6.8','6.2','7.4','569','6660082'
'2017','Arizona','Liver and Intrahepatic Bile Duct','7.6','7','8.2','692','7048876'
'2017','Virginia','Liver and Intrahepatic Bile Duct','7.1','6.6','7.7','761','8465207'
'2017','Rhode Island','Liver and Intrahepatic Bile Duct','7.6','6.2','9.3','106','1056486'
'2017','Ohio','Liver and Intrahepatic Bile Duct','7.2','6.8','7.6','1122','11664129'
'2017','New Jersey','Liver and Intrahepatic Bile Duct','7.7','7.2','8.3','888','8888543'
'2017','Montana','Liver and Intrahepatic Bile Duct','7','5.7','8.6','102','1053090'
'2017','Nevada','Liver and Intrahepatic Bile Duct','7.3','6.4','8.2','268','2972405'
'2017','Michigan','Liver and Intrahepatic Bile Duct','7.1','6.6','7.6','969','9976447'
'2017','Kansas','Liver and Intrahepatic Bile Duct','7.3','6.5','8.3','268','2910689'
'2017','Iowa','Liver and Intrahepatic Bile Duct','7.3','6.4','8.2','293','3143637'
'2017','Illinois','Liver and Intrahepatic Bile Duct','7.6','7.2','8','1207','12786196'
'2017','Idaho','Liver and Intrahepatic Bile Duct','7.1','6','8.3','149','1718904'
'2017','Florida','Liver and Intrahepatic Bile Duct','7.4','7.1','7.7','2304','20976812'
'2017','Colorado','Liver and Intrahepatic Bile Duct','7.3','6.7','8','484','5615902'
'2017','Connecticut','Liver and Intrahepatic Bile Duct','7.7','6.9','8.5','372','3573880'
'2017','Arkansas','Liver and Intrahepatic Bile Duct','7.9','7','8.8','310','3002997'
'2017','Alaska','Liver and Intrahepatic Bile Duct','9.1','7','11.6','72','739786'
'2017','Alabama','Liver and Intrahepatic Bile Duct','7.9','7.2','8.6','510','4875120'
'2017','California','Liver and Intrahepatic Bile Duct','9.3','9','9.6','4229','39399349'
'2017','West Virginia','Liver and Intrahepatic Bile Duct','8.1','7.1','9.3','220','1817048'
'2017','Washington','Liver and Intrahepatic Bile Duct','8.8','8.2','9.4','822','7425432'
'2017','Tennessee','Liver and Intrahepatic Bile Duct','8.7','8.1','9.4','754','6708794'
